id,first_name,last_name,email,gender,ip_address,value
1,Deana,Drury,ddrury0@vistaprint.com,Female,147.155.221.104,$66.96M
2,Markos,Eglese,meglese1@huffingtonpost.com,Male,41.213.217.65,$182.87M
3,Corrinne,Earry,cearry2@umn.edu,Female,42.224.57.141,$3.72B
4,Harold,Adolf,hadolf3@ebay.co.uk,Male,83.88.89.130,$361.9M
5,Devlin,Challenor,dchallenor4@pagesperso-orange.fr,Male,135.168.245.134,$797.33M
6,Nat,Staneland,nstaneland5@berkeley.edu,Male,90.118.35.2,$53.99M
7,Christoph,Budd,cbudd6@theatlantic.com,Male,11.143.94.22,$254.48M
8,Joshua,Garbar,jgarbar7@reuters.com,Male,158.182.137.51,n/a
9,Garey,Oaker,goaker8@nature.com,Male,229.6.254.201,$477.6M
10,Kirk,Mordanti,kmordanti9@about.com,Male,103.201.166.85,n/a
11,Elianore,Helliker,ehellikera@trellian.com,Female,247.54.252.223,$4.13B
12,Lin,Crolly,lcrollyb@printfriendly.com,Female,92.250.154.19,$12.76B
13,Dinah,Gush,dgushc@yellowbook.com,Female,4.53.90.66,$316.23M
14,Mariska,Isakowicz,misakowiczd@xinhuanet.com,Female,124.25.75.195,$198.09M
15,Jasen,Cuthbert,jcuthberte@cmu.edu,Male,228.136.221.94,$13.92B
16,Tallie,Hotchkin,thotchkinf@state.gov,Male,127.188.219.174,n/a
17,Odell,Riggeard,origgeardg@microsoft.com,Male,11.119.17.80,$2.78B
18,Tami,Zorzenoni,tzorzenonih@accuweather.com,Female,162.224.43.49,$1.91B
19,Tom,Sasser,tsasseri@gov.uk,Male,88.168.98.127,$1.89B
20,Lotty,Tacker,ltackerj@mapy.cz,Female,38.124.73.103,$18.83M
21,Vanessa,Kemston,vkemstonk@cloudflare.com,Female,175.70.82.138,$92.5M
22,Haslett,McLukie,hmclukiel@gov.uk,Male,212.160.62.71,n/a
23,Walton,Pomfrett,wpomfrettm@buzzfeed.com,Male,160.187.135.201,$1.3B
24,Kerstin,Oldred,koldredn@weebly.com,Female,204.161.253.167,$966.47M
25,Juditha,Gwyneth,jgwynetho@jigsy.com,Female,245.122.231.104,n/a
26,Nicolas,Chippindale,nchippindalep@privacy.gov.au,Male,207.127.165.51,$664.15M
27,Henrie,Boumphrey,hboumphreyq@tinypic.com,Female,175.86.94.146,$736.42M
28,Pacorro,Batty,pbattyr@example.com,Male,137.7.43.114,$1.1B
29,Thain,Stirgess,tstirgesss@prnewswire.com,Male,219.58.244.22,$4.08B
30,Derek,Woodcraft,dwoodcraftt@arizona.edu,Male,1.65.225.94,n/a
31,Dex,Judgkins,djudgkinsu@wordpress.com,Male,143.231.183.10,$2.83B
32,Judah,Donisthorpe,jdonisthorpev@telegraph.co.uk,Male,113.157.112.146,$31.41B
33,Arty,Snazle,asnazlew@unc.edu,Male,106.201.18.5,$3.68B
34,Neddy,McCrachen,nmccrachenx@cargocollective.com,Male,179.192.229.164,$1.78B
35,Son,Anlay,sanlayy@telegraph.co.uk,Male,140.203.233.67,$394.2M
36,Delcina,Pidgeley,dpidgeleyz@wired.com,Female,11.85.139.189,$4.34B
37,Gabbie,Bayless,gbayless10@meetup.com,Female,8.199.219.219,$808.23M
38,Waylon,Spieck,wspieck11@ocn.ne.jp,Male,50.79.39.154,$78.33M
39,Shannan,Condit,scondit12@tripadvisor.com,Male,107.61.158.28,$240.54M
40,Waite,Maseyk,wmaseyk13@shutterfly.com,Male,181.43.236.220,$56.38M
41,Nefen,Luce,nluce14@telegraph.co.uk,Male,248.255.223.0,$7.89B
42,Harwilll,Lindegard,hlindegard15@amazon.de,Male,59.163.166.194,n/a
43,Lucretia,Mengue,lmengue16@wix.com,Female,93.73.20.112,n/a
44,Shena,Whether,swhether17@netvibes.com,Female,250.189.190.189,n/a
45,Euell,Berkery,eberkery18@biblegateway.com,Male,61.34.136.7,$6.2B
46,Winn,Ferron,wferron19@odnoklassniki.ru,Male,44.77.44.146,$11.89M
47,Gladi,Flewitt,gflewitt1a@sogou.com,Female,85.203.154.133,$2.61B
48,Thomasina,Bulman,tbulman1b@flavors.me,Female,119.45.198.229,n/a
49,Josias,Spurman,jspurman1c@hatena.ne.jp,Male,182.11.114.9,$431.69M
50,Pace,Jorissen,pjorissen1d@usatoday.com,Male,248.208.204.95,$29.05B
51,Orren,McGall,omcgall1e@hexun.com,Male,193.113.28.84,$268.02M
52,Thoma,Djurisic,tdjurisic1f@archive.org,Male,195.26.228.24,$671.8M
53,Barnabe,Timcke,btimcke1g@drupal.org,Male,49.108.209.248,$1.51B
54,Siffre,Avey,savey1h@fda.gov,Male,223.57.53.109,n/a
55,Marv,Dericut,mdericut1i@deliciousdays.com,Male,27.152.170.51,$373.18M
56,Andris,Wolfer,awolfer1j@istockphoto.com,Male,225.34.2.179,$30.7B
57,Easter,Janiszewski,ejaniszewski1k@woothemes.com,Female,106.123.120.89,$23.72M
58,Suzanne,Itzkovwich,sitzkovwich1l@cmu.edu,Female,135.209.160.230,$57.56B
59,Hercule,Relton,hrelton1m@comsenz.com,Male,224.81.184.137,$225.51M
60,Anni,Olkowicz,aolkowicz1n@canalblog.com,Female,218.227.208.187,$96.78M
61,Darrin,Brumham,dbrumham1o@walmart.com,Male,108.163.53.92,$923.88M
62,Dell,Overpool,doverpool1p@opera.com,Male,48.16.165.198,$353.77B
63,Hal,Younge,hyounge1q@wufoo.com,Male,5.233.68.20,$57.73M
64,Ibby,Zamudio,izamudio1r@marriott.com,Female,31.216.9.26,$404.02M
65,Zolly,Dowd,zdowd1s@businesswire.com,Male,107.60.130.170,$14.08B
66,Mario,Trebbett,mtrebbett1t@hexun.com,Male,208.171.183.123,$206.26M
67,Sharlene,Mogford,smogford1u@apache.org,Female,183.234.183.50,n/a
68,Dulciana,Laven,dlaven1v@sfgate.com,Female,83.78.134.64,$637.42M
69,Leonardo,Tregunna,ltregunna1w@toplist.cz,Male,83.70.65.68,$2.999B
70,Hal,Naire,hnaire1x@washington.edu,Male,6.234.4.165,n/a
71,Vivienne,Dainton,vdainton1y@xrea.com,Female,151.5.36.35,$522.68M
72,Rutledge,Aldie,raldie1z@miitbeian.gov.cn,Male,214.99.105.213,$280.36M
73,Ellerey,Sainz,esainz20@businessinsider.com,Male,181.83.39.255,$529.78M
74,Obadiah,Brocklehurst,obrocklehurst21@chicagotribune.com,Male,57.234.132.240,$2.85B
75,Berkley,Ewbanke,bewbanke22@ezinearticles.com,Male,73.217.66.96,n/a
76,Natty,Turtle,nturtle23@tuttocitta.it,Male,62.160.40.98,$1.72B
77,Patin,Dunkersley,pdunkersley24@spiegel.de,Male,110.223.169.129,$180.66M
78,Nye,Costellow,ncostellow25@wikipedia.org,Male,106.71.188.53,$118.13M
79,Brandie,Lyall,blyall26@globo.com,Female,230.176.3.188,$790.66M
80,Hilario,Waylett,hwaylett27@4shared.com,Male,161.64.71.158,$7.24B
81,Garreth,Chaffen,gchaffen28@purevolume.com,Male,125.12.234.208,$3.77B
82,Rickert,Kaemena,rkaemena29@blinklist.com,Male,142.23.66.205,$509.01M
83,Odessa,Stoodley,ostoodley2a@cbsnews.com,Female,220.60.37.81,$58.13M
84,Tamma,Yousef,tyousef2b@sfgate.com,Female,80.188.237.37,$649.98M
85,Tess,Micka,tmicka2c@narod.ru,Female,177.152.91.177,n/a
86,Moises,Genever,mgenever2d@dailymotion.com,Male,137.175.218.111,$1.04B
87,Shae,Delahunty,sdelahunty2e@hp.com,Female,255.122.162.40,$4.51B
88,Fabian,Menere,fmenere2f@hhs.gov,Male,250.14.255.17,$468.42M
89,Puff,Wilkowski,pwilkowski2g@myspace.com,Male,98.201.25.207,$1.21B
90,Ileane,Pothergill,ipothergill2h@upenn.edu,Female,27.19.204.6,$1.26B
91,Rupert,Luckcock,rluckcock2i@blogspot.com,Male,217.78.15.165,n/a
92,Emlynn,Arnaudin,earnaudin2j@nbcnews.com,Female,232.115.225.116,n/a
93,Lyn,Colebourne,lcolebourne2k@paypal.com,Female,37.235.197.84,$1.5B
94,Dexter,Edwicker,dedwicker2l@weebly.com,Male,223.245.26.77,$240.71M
95,Onida,McShirrie,omcshirrie2m@sphinn.com,Female,115.222.27.46,$15.85B
96,Corrianne,Scholig,cscholig2n@squarespace.com,Female,196.27.126.253,$947.48M
97,Reid,Marval,rmarval2o@php.net,Male,153.217.45.134,$1.69B
98,Caprice,Todarini,ctodarini2p@theglobeandmail.com,Female,45.208.30.25,n/a
99,Cassy,Wisedale,cwisedale2q@mapy.cz,Female,226.127.162.224,$4.11B
100,Hayyim,Hendriksen,hhendriksen2r@cnn.com,Male,53.228.89.172,$2.42B
101,Luigi,Flounders,lflounders2s@uiuc.edu,Male,253.238.49.217,n/a
102,Florri,Corro,fcorro2t@e-recht24.de,Female,202.154.106.95,$86.97M
103,Chrotoem,Kuhnel,ckuhnel2u@sakura.ne.jp,Male,220.31.196.47,n/a
104,Marlo,Haizelden,mhaizelden2v@1und1.de,Female,38.213.204.1,n/a
105,Reidar,Redman,rredman2w@wordpress.com,Male,136.131.226.216,$187.36M
106,Vince,Dafydd,vdafydd2x@cdbaby.com,Male,139.22.5.14,$5.34M
107,Frasco,Kruger,fkruger2y@blogs.com,Male,10.149.164.130,$7.04B
108,Mellicent,Meni,mmeni2z@cbc.ca,Female,175.246.188.202,$1B
109,Bernhard,Greber,bgreber30@oakley.com,Male,0.89.159.89,$1.56B
110,Sinclair,Bloan,sbloan31@shareasale.com,Male,55.180.45.98,$21.83B
111,Herculie,Imorts,himorts32@topsy.com,Male,13.121.10.211,$23.69B
112,Farra,Molloy,fmolloy33@examiner.com,Female,6.57.235.148,$386.39M
113,Jethro,Stallibrass,jstallibrass34@latimes.com,Male,89.47.54.212,$8.67M
114,Dania,Coase,dcoase35@marketwatch.com,Female,138.62.225.74,$1.74B
115,Claudell,Furse,cfurse36@cornell.edu,Male,96.72.104.32,$2.29B
116,Ham,Heindrich,hheindrich37@symantec.com,Male,221.31.206.195,$8.73B
117,Madlin,Rodden,mrodden38@wix.com,Female,178.23.59.254,$436.6M
118,Christi,Hars,chars39@nsw.gov.au,Female,54.19.125.99,$5.27M
119,Hyacinth,Prine,hprine3a@yahoo.co.jp,Female,240.209.192.173,$10.47B
120,Patrizius,Heinrich,pheinrich3b@over-blog.com,Male,255.225.229.40,n/a
121,Felita,Habbershon,fhabbershon3c@ehow.com,Female,85.45.187.205,$1.65B
122,Ulysses,Litherland,ulitherland3d@nhs.uk,Male,56.101.228.32,n/a
123,Yelena,Kesley,ykesley3e@dagondesign.com,Female,93.71.5.65,$8.51B
124,Emmy,Petrolli,epetrolli3f@samsung.com,Female,192.207.98.64,$299.12M
125,Smitty,Tinker,stinker3g@hostgator.com,Male,167.200.210.189,$19.18B
126,Dasya,Eary,deary3h@rambler.ru,Female,66.2.224.238,$582.59M
127,Sophi,Miettinen,smiettinen3i@cbc.ca,Female,5.252.81.225,n/a
128,Byrann,Wrightem,bwrightem3j@oaic.gov.au,Male,14.28.90.140,n/a
129,Alon,Elden,aelden3k@instagram.com,Male,171.1.47.41,$12.38M
130,Margery,Joust,mjoust3l@booking.com,Female,156.190.121.247,$5.14B
131,Rickert,Dunston,rdunston3m@tumblr.com,Male,200.183.66.149,$255.47M
132,Bartholomeo,Lynnitt,blynnitt3n@cnet.com,Male,114.124.115.134,$677.94M
133,Giles,Lutton,glutton3o@statcounter.com,Male,160.193.71.49,$5.26B
134,Nate,Lanktree,nlanktree3p@ameblo.jp,Male,140.100.157.24,$243.6M
135,Eleni,Gewer,egewer3q@godaddy.com,Female,19.186.206.142,$776.78M
136,Bryant,Garrould,bgarrould3r@sphinn.com,Male,47.156.234.234,$18.6M
137,Emery,Snow,esnow3s@sohu.com,Male,229.177.155.71,$1.06B
138,Angelika,Ludvigsen,aludvigsen3t@unblog.fr,Female,151.12.101.7,$3.56B
139,Xever,Heady,xheady3u@uol.com.br,Male,74.143.27.201,$588.87M
140,Lennie,Keizman,lkeizman3v@feedburner.com,Male,70.106.163.72,$2.81B
141,Annette,Gribbell,agribbell3w@epa.gov,Female,78.113.47.160,$56.46M
142,Christan,Dilkes,cdilkes3x@123-reg.co.uk,Female,113.208.45.228,$1.54B
143,Malinde,Scarff,mscarff3y@last.fm,Female,15.48.239.236,$4.33B
144,Iseabal,Kilty,ikilty3z@drupal.org,Female,117.18.144.39,$11.67B
145,Goddart,Disley,gdisley40@apache.org,Male,172.200.197.144,$4.86B
146,Rodina,Sherrock,rsherrock41@ihg.com,Female,66.208.64.249,$4.11M
147,Cam,Brugman,cbrugman42@blinklist.com,Male,181.137.11.130,$2.57B
148,Starlene,Marlowe,smarlowe43@wufoo.com,Female,54.13.209.238,n/a
149,Alidia,Kensett,akensett44@marriott.com,Female,8.224.92.195,$112.21M
150,Ase,Silvester,asilvester45@people.com.cn,Male,33.6.76.63,n/a
151,Rhea,Vockings,rvockings46@desdev.cn,Female,251.45.246.148,$378.97M
152,Jefferson,Batistelli,jbatistelli47@eepurl.com,Male,108.170.150.23,$1.68B
153,Alphard,Vagges,avagges48@adobe.com,Male,119.242.15.188,$2.21B
154,Vikki,Faldo,vfaldo49@cnn.com,Female,111.90.194.17,$491.02M
155,Bunni,Keyser,bkeyser4a@fotki.com,Female,197.122.139.203,$39.09M
156,Nikos,Spriddle,nspriddle4b@wufoo.com,Male,36.101.30.30,n/a
157,Adara,Calan,acalan4c@xrea.com,Female,118.54.76.108,$217.64M
158,Arri,Cosford,acosford4d@lycos.com,Male,6.249.176.90,$1.84B
159,Kerry,Shorto,kshorto4e@posterous.com,Male,107.123.114.87,$78.03B
160,Randie,Sommerfeld,rsommerfeld4f@google.co.jp,Male,30.182.50.163,n/a
161,Kathy,Ellson,kellson4g@senate.gov,Female,172.244.33.148,$1.19B
162,Eartha,Catt,ecatt4h@clickbank.net,Female,3.155.20.17,$6.79B
163,Candy,Kalinke,ckalinke4i@si.edu,Female,208.101.217.192,n/a
164,Eartha,Sicha,esicha4j@businesswire.com,Female,163.124.229.90,$108.87B
165,Rodrique,O'Hannigan,rohannigan4k@flavors.me,Male,55.243.175.117,n/a
166,Sherilyn,Hamsley,shamsley4l@patch.com,Female,209.119.160.187,$596.2M
167,Claresta,Probyn,cprobyn4m@tinyurl.com,Female,128.88.26.97,$16.29M
168,Lilli,Matkin,lmatkin4n@yahoo.com,Female,172.255.237.119,$378.01M
169,Hedy,Cagan,hcagan4o@lulu.com,Female,111.44.201.136,$520.17M
170,Donall,Flobert,dflobert4p@indiatimes.com,Male,222.252.253.196,$39.59B
171,Renard,Trusler,rtrusler4q@bluehost.com,Male,79.117.197.115,$11.08B
172,Goran,Stove,gstove4r@linkedin.com,Male,127.75.249.216,$1.7B
173,Darnall,Vigars,dvigars4s@ebay.co.uk,Male,84.42.150.145,$1.38B
174,Nate,Winscum,nwinscum4t@wikimedia.org,Male,232.185.27.235,$5.91M
175,Worthy,Axten,waxten4u@elegantthemes.com,Male,130.194.99.221,$1.41B
176,Arni,Mishow,amishow4v@weebly.com,Male,169.147.189.107,$60M
177,Olenka,McFarlane,omcfarlane4w@sakura.ne.jp,Female,9.189.213.165,$4.61B
178,Agustin,Matthensen,amatthensen4x@ustream.tv,Male,108.33.92.218,$22.77B
179,Roch,Doughtery,rdoughtery4y@aboutads.info,Female,24.153.61.115,$23.54M
180,Collete,Cortnay,ccortnay4z@icq.com,Female,38.199.21.135,$1.23B
181,Sidney,Herche,sherche50@redcross.org,Male,223.223.184.8,$395.17M
182,Farlee,Harmson,fharmson51@amazon.co.uk,Male,178.141.41.28,$488.16M
183,Hollie,Chardin,hchardin52@elegantthemes.com,Female,189.9.188.13,$211.52M
184,Carter,Pittman,cpittman53@narod.ru,Male,135.43.215.106,$2.24B
185,Randolf,Heinl,rheinl54@paginegialle.it,Male,223.165.0.38,$72.37M
186,Aron,Hoxey,ahoxey55@fema.gov,Male,34.145.134.211,$115.53M
187,Gay,Tirone,gtirone56@google.fr,Male,98.132.81.140,$23.11B
188,Adora,Vondrasek,avondrasek57@ftc.gov,Female,198.154.191.119,$475.29M
189,Margit,Robjohns,mrobjohns58@unesco.org,Female,107.191.16.162,n/a
190,Rosabel,Ghilardi,rghilardi59@skyrock.com,Female,203.175.66.30,$443.54M
191,Lincoln,Spensley,lspensley5a@wikispaces.com,Male,99.10.65.40,$205.6M
192,Audi,Struijs,astruijs5b@blogtalkradio.com,Female,4.122.98.248,$3.68B
193,Liana,Greatex,lgreatex5c@bluehost.com,Female,30.103.102.186,$618.48M
194,Ruddy,Ramelot,rramelot5d@storify.com,Male,203.182.192.95,$84.27M
195,Andree,Tortoise,atortoise5e@gravatar.com,Female,189.80.22.74,$1.32B
196,Matilda,Petriello,mpetriello5f@youku.com,Female,169.196.53.150,$34.58M
197,Trista,Culver,tculver5g@i2i.jp,Female,199.127.99.37,n/a
198,Simeon,Wedlock,swedlock5h@livejournal.com,Male,106.147.143.162,n/a
199,Arney,Siward,asiward5i@mysql.com,Male,217.228.89.110,$555.38M
200,Emera,Keast,ekeast5j@timesonline.co.uk,Female,199.230.126.38,$1.51B
201,Clemens,Bruinemann,cbruinemann5k@craigslist.org,Male,86.70.111.35,$780.06M
202,Clarke,Klainer,cklainer5l@intel.com,Male,83.64.216.60,$2.79B
203,Larina,Harsnipe,lharsnipe5m@quantcast.com,Female,27.86.65.25,$1.39B
204,Jens,Simoneschi,jsimoneschi5n@nature.com,Male,52.122.247.199,$121.7M
205,Melisandra,Bowne,mbowne5o@twitpic.com,Female,30.189.40.35,n/a
206,Toma,Daintier,tdaintier5p@acquirethisname.com,Female,120.97.8.81,n/a
207,Crosby,Thurlborn,cthurlborn5q@yolasite.com,Male,212.52.206.35,$772.29M
208,Emmeline,Worsnip,eworsnip5r@blogspot.com,Female,20.98.129.82,$346.82M
209,Hubie,Spraberry,hspraberry5s@alexa.com,Male,9.123.212.43,$587.96M
210,Gasper,Trimme,gtrimme5t@ihg.com,Male,141.100.155.124,$158.76M
211,Dreddy,Corteis,dcorteis5u@theguardian.com,Female,1.94.98.202,$2.21B
212,Tedd,Lockney,tlockney5v@engadget.com,Male,65.80.255.93,$1.97B
213,Adan,Longmate,alongmate5w@sbwire.com,Female,203.129.150.216,$440.65M
214,Ingaborg,Edes,iedes5x@narod.ru,Female,139.166.56.49,$32.74B
215,Patrizius,Axtens,paxtens5y@php.net,Male,195.209.122.3,$3.66B
216,Durante,Suermeier,dsuermeier5z@patch.com,Male,17.18.56.226,$48.4M
217,Jan,Eldin,jeldin60@unesco.org,Female,27.247.171.141,n/a
218,Mandel,Feldstein,mfeldstein61@clickbank.net,Male,151.144.255.26,$317.23M
219,Dionne,Heather,dheather62@skyrock.com,Female,255.159.112.188,n/a
220,Frasco,Isaksen,fisaksen63@youtu.be,Male,205.41.59.253,$29.54M
221,Becca,Barents,bbarents64@narod.ru,Female,180.51.239.212,$180.66M
222,Carleton,Easen,ceasen65@booking.com,Male,170.15.202.139,$13.79M
223,Caz,Draycott,cdraycott66@amazonaws.com,Male,163.60.146.18,$288.75M
224,Lorilyn,Hartas,lhartas67@google.co.jp,Female,57.19.23.4,$309.13M
225,Ingram,Firbank,ifirbank68@illinois.edu,Male,143.133.31.85,$146.64M
226,Abbie,Huchot,ahuchot69@dyndns.org,Male,5.241.28.117,$222.61M
227,Erik,Wolfe,ewolfe6a@msn.com,Male,228.90.228.3,$3.69B
228,Edgar,Bernette,ebernette6b@sciencedirect.com,Male,11.197.148.19,$452.19M
229,Harriette,Carine,hcarine6c@deliciousdays.com,Female,197.13.46.238,$904.29M
230,Leopold,Meineking,lmeineking6d@businesswire.com,Male,98.170.248.49,$294.93M
231,Alexandros,De Ambrosi,adeambrosi6e@hubpages.com,Male,210.179.46.96,$617.06M
232,Jared,Curzon,jcurzon6f@prweb.com,Male,146.167.225.177,$2.78B
233,Madeline,Harburtson,mharburtson6g@psu.edu,Female,180.25.42.79,$2.68B
234,Hughie,Dibson,hdibson6h@cyberchimps.com,Male,208.179.6.89,$47.92M
235,Brose,Wynrahame,bwynrahame6i@huffingtonpost.com,Male,117.209.142.167,$5.06B
236,Carina,Regenhardt,cregenhardt6j@prweb.com,Female,110.26.24.78,$10.42M
237,Edmon,Brightey,ebrightey6k@weibo.com,Male,253.51.244.162,$1.73B
238,Blithe,Catherick,bcatherick6l@discovery.com,Female,86.210.168.156,$737.05M
239,Nicholle,Bernaldez,nbernaldez6m@fotki.com,Female,171.57.28.1,$1.4B
240,Neala,Hourihane,nhourihane6n@dot.gov,Female,225.192.12.191,$4.38B
241,Tann,Boynton,tboynton6o@stumbleupon.com,Male,20.30.246.253,n/a
242,Lexis,Worling,lworling6p@hubpages.com,Female,182.252.31.184,n/a
243,Beck,Divver,bdivver6q@ifeng.com,Male,80.126.226.99,$6.29M
244,Udall,Schapiro,uschapiro6r@biblegateway.com,Male,153.85.179.25,$10.93B
245,Bliss,Roblett,broblett6s@toplist.cz,Female,110.194.104.10,$31.94M
246,Friedrich,Say,fsay6t@scribd.com,Male,169.87.232.128,$318.69M
247,Stephannie,Heathcote,sheathcote6u@deviantart.com,Female,216.62.108.2,$225.51M
248,Bret,Hawkett,bhawkett6v@etsy.com,Male,54.53.208.163,$86.58M
249,Ricoriki,Downing,rdowning6w@disqus.com,Male,223.59.102.221,$5.35B
250,Nollie,Bushel,nbushel6x@jalbum.net,Male,237.113.128.198,$13.28B
251,Iolanthe,Cobbald,icobbald6y@msu.edu,Female,146.179.170.45,$15.85B
252,Kareem,Vreiberg,kvreiberg6z@go.com,Male,41.90.218.28,$12.63M
253,Sarine,Skea,sskea70@i2i.jp,Female,107.194.18.132,$51.13M
254,Olly,Leitch,oleitch71@boston.com,Male,162.126.34.144,$222.22M
255,Karen,Philps,kphilps72@youku.com,Female,80.107.54.43,$825.03M
256,Maible,Collin,mcollin73@businessweek.com,Female,175.159.105.33,n/a
257,Charmine,Winwood,cwinwood74@soundcloud.com,Female,19.44.94.227,$214.42M
258,Felita,Domnick,fdomnick75@google.es,Female,146.156.67.35,$15.62B
259,Dallas,Hillatt,dhillatt76@sbwire.com,Male,178.75.126.199,$130.25M
260,Dennis,Heamus,dheamus77@plala.or.jp,Male,59.171.118.243,n/a
261,Jakob,McMarquis,jmcmarquis78@webs.com,Male,171.242.148.151,$3.51B
262,Ruddie,Cocci,rcocci79@cbsnews.com,Male,33.188.213.151,$111.49M
263,Tomas,Pressey,tpressey7a@foxnews.com,Male,62.229.106.30,$716.78M
264,Agosto,Cordova,acordova7b@istockphoto.com,Male,126.5.9.233,$98.16M
265,Bent,Deathridge,bdeathridge7c@utexas.edu,Male,236.193.87.70,$184.25M
266,Wilt,Grishkov,wgrishkov7d@google.cn,Male,178.135.144.199,$1.56B
267,Kristofer,Spinola,kspinola7e@privacy.gov.au,Male,231.113.171.124,$5.48B
268,Inglis,Delete,idelete7f@icio.us,Male,91.115.145.153,n/a
269,Harriette,Gouda,hgouda7g@pcworld.com,Female,248.90.247.209,$13.7B
270,Tucker,Spellicy,tspellicy7h@163.com,Male,218.93.74.219,$1.32B
271,Marris,Melarkey,mmelarkey7i@npr.org,Female,110.57.43.95,$1.82B
272,Reube,Trotter,rtrotter7j@cmu.edu,Male,222.173.33.43,$155.85M
273,Morena,Hallatt,mhallatt7k@etsy.com,Female,119.123.211.94,$7.8B
274,Maegan,McClymond,mmcclymond7l@thetimes.co.uk,Female,88.255.119.2,$21.58M
275,Zahara,Cottem,zcottem7m@stumbleupon.com,Female,72.250.6.35,$3.01M
276,Yale,Quaife,yquaife7n@uol.com.br,Male,7.73.117.133,$443.87M
277,Gillie,Renard,grenard7o@baidu.com,Female,33.166.157.164,$3.56B
278,Urbano,Kubach,ukubach7p@shareasale.com,Male,134.118.248.108,$20.32B
279,Jasmin,Klagges,jklagges7q@loc.gov,Female,236.198.6.164,$264.33M
280,Maribeth,Ciccone,mciccone7r@samsung.com,Female,64.200.48.91,$58.64B
281,Cullie,Chittie,cchittie7s@dailymail.co.uk,Male,238.132.194.194,$127.42M
282,Abey,Ricciardo,aricciardo7t@bloglovin.com,Male,118.113.125.236,$707.25M
283,Zandra,Cogger,zcogger7u@dion.ne.jp,Female,222.39.237.83,$488.16M
284,Dorena,LeEstut,dleestut7v@fastcompany.com,Female,155.112.124.112,$399.95M
285,Aldrich,Frickey,africkey7w@java.com,Male,252.197.125.110,$27.17B
286,Lind,Hellens,lhellens7x@gravatar.com,Female,238.134.74.147,$308.09M
287,Anastassia,Haggar,ahaggar7y@webs.com,Female,225.27.101.84,$795.23M
288,Frederick,Prosek,fprosek7z@etsy.com,Male,151.171.50.101,$3.71M
289,Teresita,Toping,ttoping80@chronoengine.com,Female,131.236.232.215,$8.74B
290,Natty,Ingerman,ningerman81@guardian.co.uk,Female,206.188.181.224,$174.98M
291,Corri,Diloway,cdiloway82@abc.net.au,Female,182.79.98.85,$68.41B
292,Bea,Pavinese,bpavinese83@nbcnews.com,Female,233.94.112.183,$1.49B
293,Cathrin,Loadwick,cloadwick84@sina.com.cn,Female,248.58.38.245,$4.24B
294,Meggy,Degli Antoni,mdegliantoni85@alibaba.com,Female,115.25.236.161,$1.18B
295,Jone,Bratt,jbratt86@github.com,Male,137.10.222.244,$626.7M
296,Nappie,Idiens,nidiens87@noaa.gov,Male,220.61.13.115,$136.89M
297,Ilise,Warham,iwarham88@harvard.edu,Female,126.230.216.18,$1.28B
298,Malchy,MacGibbon,mmacgibbon89@acquirethisname.com,Male,154.77.169.115,$1.92B
299,Jilly,Farfull,jfarfull8a@deviantart.com,Female,185.144.196.146,$638.92M
300,Marylee,Massard,mmassard8b@reuters.com,Female,3.123.55.176,$21.8M
301,Thornton,Hagger,thagger8c@nymag.com,Male,19.42.132.226,n/a
302,Roddy,Brainsby,rbrainsby8d@goo.ne.jp,Male,148.115.179.117,$13.32B
303,Tony,Splevings,tsplevings8e@last.fm,Female,243.134.180.232,$79.68M
304,Kial,Poulsum,kpoulsum8f@reference.com,Female,166.209.30.43,$1.13B
305,Loydie,Crathern,lcrathern8g@infoseek.co.jp,Male,207.104.121.79,$112.59M
306,Archibold,Aimable,aaimable8h@nhs.uk,Male,92.47.230.159,n/a
307,Cherilyn,McGiven,cmcgiven8i@bloglovin.com,Female,245.72.47.132,$5.72B
308,Jeremias,Eagleton,jeagleton8j@google.it,Male,98.45.174.173,n/a
309,Anatola,Mulhill,amulhill8k@gnu.org,Female,17.154.246.169,$718.32M
310,Mord,Lovett,mlovett8l@vk.com,Male,194.251.6.206,$57.73M
311,Bernadette,Galland,bgalland8m@bbc.co.uk,Female,9.34.93.145,$153.66M
312,Judon,Shapland,jshapland8n@smugmug.com,Male,239.218.115.176,$808.23M
313,Sib,Dadge,sdadge8o@washingtonpost.com,Female,0.187.144.26,$7.79B
314,Lindsay,Ricardot,lricardot8p@umn.edu,Male,77.201.164.17,$13.85M
315,Jermain,Newman,jnewman8q@huffingtonpost.com,Male,235.15.55.151,$683.9M
316,Anitra,Towersey,atowersey8r@hud.gov,Female,196.89.42.115,$2.61B
317,Ephrayim,Hendrich,ehendrich8s@1688.com,Male,171.251.28.80,$1.63B
318,Jedd,Slatten,jslatten8t@nba.com,Male,176.127.157.177,$88.11M
319,Theodore,Izzett,tizzett8u@google.cn,Male,148.252.211.255,$9.62M
320,Laraine,Arnowitz,larnowitz8v@craigslist.org,Female,52.124.163.192,$737.05M
321,Barn,Feavyour,bfeavyour8w@unicef.org,Male,117.255.215.87,n/a
322,Lanie,Goldsberry,lgoldsberry8x@rambler.ru,Female,151.224.92.133,$14.19B
323,Jorie,Hobgen,jhobgen8y@xrea.com,Female,175.227.118.17,n/a
324,Marcellus,Dyka,mdyka8z@ocn.ne.jp,Male,233.158.53.125,n/a
325,Stillmann,Kop,skop90@51.la,Male,162.202.126.63,$395.71M
326,Sharla,Jevons,sjevons91@ycombinator.com,Female,22.206.182.22,$2.45B
327,Ravi,Eim,reim92@cpanel.net,Male,35.67.100.192,$87.89M
328,Giffie,Yankin,gyankin93@tinypic.com,Male,92.209.99.80,$864.5M
329,Tom,Basillon,tbasillon94@mozilla.org,Male,88.200.166.233,$224.11M
330,Bourke,Filasov,bfilasov95@mediafire.com,Male,132.140.220.138,$5.56B
331,Madeline,Rissen,mrissen96@bbc.co.uk,Female,213.152.220.8,$790.66M
332,Tandi,Manzell,tmanzell97@gnu.org,Female,172.128.225.100,$933.63M
333,Otho,Woodus,owoodus98@columbia.edu,Male,158.170.60.163,$1.31B
334,Pamella,Radbond,pradbond99@pbs.org,Female,221.49.12.242,$7.77B
335,Hayward,Finch,hfinch9a@businesswire.com,Male,190.190.49.52,$96.78M
336,Giffer,Fearnsides,gfearnsides9b@edublogs.org,Male,2.89.35.20,$127.9M
337,Vivianne,Heyfield,vheyfield9c@diigo.com,Female,43.154.87.43,n/a
338,Rey,Marskell,rmarskell9d@webmd.com,Male,92.115.62.190,$156.02B
339,Luci,Simeone,lsimeone9e@tinypic.com,Female,214.201.128.197,$109.52M
340,Angelica,Gurys,agurys9f@ca.gov,Female,244.164.52.14,$62M
341,Reid,Willoughby,rwilloughby9g@vinaora.com,Male,144.167.194.215,$189.23M
342,Adolf,Stedall,astedall9h@nasa.gov,Male,236.151.106.238,$1.17B
343,Merwin,Feaveryear,mfeaveryear9i@homestead.com,Male,52.142.151.129,$588.87M
344,Rora,Marzelle,rmarzelle9j@nydailynews.com,Female,60.76.74.203,$10.27B
345,Daisey,Gadsden,dgadsden9k@indiatimes.com,Female,131.178.231.170,n/a
346,Clayton,Hoofe,choofe9l@i2i.jp,Male,142.72.186.5,$2.36B
347,Minne,Elijahu,melijahu9m@time.com,Female,243.176.244.174,$1.03B
348,Cthrine,Kipping,ckipping9n@angelfire.com,Female,94.198.3.11,$2.09B
349,Pebrook,Coppard,pcoppard9o@indiatimes.com,Male,36.142.242.136,$664.15M
350,Abbot,Kornilov,akornilov9p@free.fr,Male,245.194.239.245,$71.65M
351,Kathy,Felstead,kfelstead9q@woothemes.com,Female,8.85.221.247,$10.54M
352,Tiena,Schroter,tschroter9r@salon.com,Female,113.37.53.232,$1.16B
353,Ddene,Johnys,djohnys9s@ebay.com,Female,193.28.31.134,$52.88M
354,Virgilio,Walicki,vwalicki9t@360.cn,Male,143.63.138.232,$10.91M
355,Nevsa,Baldung,nbaldung9u@ow.ly,Female,38.72.187.47,n/a
356,Thurstan,Manzell,tmanzell9v@google.pl,Male,27.254.43.203,$66.2M
357,Hayyim,Langforth,hlangforth9w@studiopress.com,Male,208.228.214.224,$6.05B
358,Tonya,Snaddon,tsnaddon9x@comsenz.com,Female,116.52.11.180,$16.35M
359,Odetta,Bickmore,obickmore9y@chronoengine.com,Female,2.165.117.110,$34.86M
360,Tudor,Morford,tmorford9z@theglobeandmail.com,Male,105.29.87.7,$74.57M
361,Sander,Keesman,skeesmana0@mozilla.org,Male,116.159.78.228,$322.34M
362,Gregor,Zanicchelli,gzanicchellia1@google.com.au,Male,185.243.216.37,$49.79M
363,Joellen,Partener,jpartenera2@cmu.edu,Female,72.124.181.108,$33.67M
364,Cal,Mattis,cmattisa3@360.cn,Male,212.217.50.188,$8.51B
365,Zaria,Tomasz,ztomasza4@tamu.edu,Female,86.90.240.227,n/a
366,Riannon,Rosi,rrosia5@hud.gov,Female,202.95.217.215,n/a
367,Mackenzie,Sidebotham,msidebothama6@mashable.com,Male,91.75.130.48,$1.49B
368,Mill,Cleminshaw,mcleminshawa7@hugedomains.com,Male,70.115.161.46,$43.73M
369,Yolande,McArthur,ymcarthura8@wikimedia.org,Female,3.105.193.250,$854.72M
370,Carrie,Bruhke,cbruhkea9@sphinn.com,Female,76.8.57.216,$283.57M
371,Bucky,Stampe,bstampeaa@vkontakte.ru,Male,95.154.112.83,$6.48B
372,Moselle,Lyes,mlyesab@zdnet.com,Female,142.224.187.215,$112.21M
373,Marius,Bezemer,mbezemerac@t.co,Male,160.245.90.34,n/a
374,Gilles,Kaplan,gkaplanad@home.pl,Male,54.15.28.34,$438.82M
375,Cheston,Urwen,curwenae@wired.com,Male,210.144.55.70,$63.73B
376,Welsh,Say,wsayaf@redcross.org,Male,141.212.236.40,n/a
377,Hilary,Breheny,hbrehenyag@mapy.cz,Female,104.72.35.199,$1.74B
378,Gregg,Muffen,gmuffenah@dyndns.org,Male,92.195.140.242,$221.54M
379,Chelsie,Janusz,cjanuszai@dropbox.com,Female,234.66.128.183,$13.14B
380,Bruis,Bartrop,bbartropaj@ow.ly,Male,236.124.234.219,$1.56B
381,Sally,Dudman,sdudmanak@mashable.com,Female,201.106.78.36,n/a
382,Denys,Terrington,dterringtonal@squarespace.com,Female,245.95.151.23,$5.74B
383,Harlin,Vial,hvialam@xinhuanet.com,Male,151.239.121.229,$62.74M
384,Ken,Tarrier,ktarrieran@techcrunch.com,Male,94.40.7.97,$8.42B
385,Prince,Vedishchev,pvedishchevao@umich.edu,Male,215.220.231.236,$667.73M
386,Paloma,Ankers,pankersap@so-net.ne.jp,Female,255.13.202.245,$2.01M
387,Cinderella,Whye,cwhyeaq@ox.ac.uk,Female,94.40.100.115,$3.17B
388,Billye,Sebley,bsebleyar@blogs.com,Female,249.178.230.240,$16.17B
389,Stuart,Scolli,sscollias@vinaora.com,Male,16.194.124.7,$184.04M
390,Felike,Twiddell,ftwiddellat@com.com,Male,69.226.226.174,n/a
391,Sigfried,Spincke,sspinckeau@blogger.com,Male,49.113.183.3,$3.28B
392,Haley,Brownbill,hbrownbillav@china.com.cn,Female,129.114.136.24,$672.9M
393,Bax,Coye,bcoyeaw@blog.com,Male,112.10.26.28,$797.81M
394,Mikel,Arger,margerax@example.com,Male,105.47.86.155,$4.04B
395,Tabitha,Rosenhaus,trosenhausay@flickr.com,Female,161.127.122.79,$1.9B
396,Ambrosius,Chappel,achappelaz@house.gov,Male,168.15.176.239,$165.72M
397,Paolina,Pally,ppallyb0@cafepress.com,Female,112.224.15.98,$2.93B
398,Allyson,Sieur,asieurb1@godaddy.com,Female,5.5.62.22,$2.99B
399,Thatcher,Hanford,thanfordb2@un.org,Male,12.6.64.241,$1.86B
400,Putnam,Bech,pbechb3@webeden.co.uk,Male,46.39.249.159,$174.98M
401,Charleen,Rubinsky,crubinskyb4@sun.com,Female,241.84.143.222,$19.26B
402,Mag,Camlin,mcamlinb5@time.com,Female,112.180.115.250,$804.63M
403,Filippo,Brimilcombe,fbrimilcombeb6@arizona.edu,Male,97.30.89.31,$464.66M
404,Hew,Ealam,healamb7@4shared.com,Male,59.225.75.51,$1.1B
405,Em,Savins,esavinsb8@seattletimes.com,Male,186.73.251.82,n/a
406,Amara,Gilgryst,agilgrystb9@intel.com,Female,122.198.181.216,$2.38B
407,Wang,Persse,wpersseba@hibu.com,Male,22.28.205.127,$4.57B
408,Katharine,Mountney,kmountneybb@jalbum.net,Female,227.192.158.209,$1.84B
409,Doti,Gian,dgianbc@examiner.com,Female,35.63.133.44,$2.59B
410,Danila,Stronough,dstronoughbd@archive.org,Female,126.105.106.177,$180.82M
411,Jimmie,Bass,jbassbe@reference.com,Male,3.1.188.22,$832.71M
412,Frants,Kennerknecht,fkennerknechtbf@gizmodo.com,Male,11.170.233.223,$5.999M
413,Adey,Aspling,aasplingbg@uol.com.br,Female,16.77.196.152,$2.54B
414,Kariotta,Braham,kbrahambh@pagesperso-orange.fr,Female,24.83.119.50,$4.55B
415,Barn,Coils,bcoilsbi@opera.com,Male,131.172.158.28,$101.69M
416,Tobe,Brickdale,tbrickdalebj@google.co.jp,Male,175.95.174.15,$2.35B
417,Fanny,Northley,fnorthleybk@gravatar.com,Female,35.103.32.152,$120.57B
418,Dagny,Mawditt,dmawdittbl@indiegogo.com,Male,235.221.53.125,$1.01B
419,Alana,Bohlmann,abohlmannbm@bbc.co.uk,Female,166.92.64.48,$175.03B
420,Callean,Fulcher,cfulcherbn@slashdot.org,Male,169.51.106.169,n/a
421,Hewitt,Davidovici,hdavidovicibo@google.pl,Male,182.30.146.13,$1.99B
422,Kort,Tolumello,ktolumellobp@ycombinator.com,Male,103.242.116.24,$180.66M
423,Si,Rapi,srapibq@clickbank.net,Male,99.202.233.5,$14.95M
424,Annmarie,Fernant,afernantbr@usa.gov,Female,131.150.26.232,$5.22B
425,Gilles,Bevans,gbevansbs@last.fm,Male,167.37.226.0,n/a
426,Kalil,Bumford,kbumfordbt@webeden.co.uk,Male,219.254.250.190,$1.6B
427,Sheelah,Kohlerman,skohlermanbu@prlog.org,Female,144.98.50.139,$16.61M
428,Leland,Dran,ldranbv@wiley.com,Female,246.52.197.168,$542.39M
429,Barbra,O'Hdirscoll,bohdirscollbw@ft.com,Female,58.98.84.99,$211.4M
430,Welsh,Gatheral,wgatheralbx@vimeo.com,Male,87.150.237.248,$1.85B
431,Violetta,Annion,vannionby@miibeian.gov.cn,Female,152.185.134.23,n/a
432,Katuscha,Braham,kbrahambz@sogou.com,Female,46.206.71.29,$691.58M
433,Antoinette,Trevarthen,atrevarthenc0@examiner.com,Female,204.58.153.9,$620.68M
434,Biron,Westraw,bwestrawc1@tiny.cc,Male,245.127.35.4,$1.4B
435,Benedicto,Bowering,bboweringc2@arstechnica.com,Male,198.71.28.219,$592.36M
436,Aggy,Skyram,askyramc3@baidu.com,Female,100.74.85.5,$7.96B
437,Ingra,Costin,icostinc4@youku.com,Male,11.60.220.99,$39.59B
438,Alameda,Snowball,asnowballc5@squarespace.com,Female,119.84.144.76,$241.57M
439,Wesley,Richten,wrichtenc6@unesco.org,Male,141.193.123.52,$493.06M
440,Nicolette,Sully,nsullyc7@shinystat.com,Female,238.190.146.25,$1.44B
441,Zachery,Ethelston,zethelstonc8@themeforest.net,Male,187.201.41.119,$816.46M
442,Tatiana,Newlands,tnewlandsc9@cargocollective.com,Female,226.168.109.241,$1.09B
443,Anestassia,Goggey,agoggeyca@webs.com,Female,30.23.65.94,n/a
444,Yule,Myerscough,ymyerscoughcb@go.com,Male,251.146.233.121,$7.53B
445,Sylvan,Trorey,stroreycc@histats.com,Male,15.41.151.253,$862.98M
446,Garreth,Feavearyear,gfeavearyearcd@npr.org,Male,221.235.44.201,$454M
447,Mohammed,Bubeer,mbubeerce@psu.edu,Male,213.121.139.69,$877.03M
448,Eydie,Menezes,emenezescf@imdb.com,Female,248.173.228.103,$400.4M
449,Rica,Daniely,rdanielycg@sina.com.cn,Female,216.89.27.48,$5.07B
450,Sonnie,Gooke,sgookech@elpais.com,Female,14.225.245.204,$25.39B
451,Cesar,Fransson,cfranssonci@soundcloud.com,Male,214.139.248.18,$751.34M
452,Xena,Syrad,xsyradcj@barnesandnoble.com,Female,62.150.23.105,$2.45B
453,Gayel,Aleksankin,galeksankinck@hhs.gov,Female,28.73.147.245,$4.28B
454,Connor,Craker,ccrakercl@nbcnews.com,Male,238.135.199.83,$541.62M
455,Vincents,Archibould,varchibouldcm@msu.edu,Male,71.95.69.227,$1.02B
456,Victoria,Webland,vweblandcn@printfriendly.com,Female,220.205.246.0,$193.2M
457,Ximenez,Fonte,xfonteco@reddit.com,Male,217.123.208.16,$352.64M
458,Marrilee,Bresner,mbresnercp@tuttocitta.it,Female,177.183.55.3,$2.43B
459,Lionello,Talby,ltalbycq@telegraph.co.uk,Male,241.27.221.128,$10.32B
460,Elmore,Harnetty,eharnettycr@opera.com,Male,154.14.20.9,$3.68B
461,Meredith,Sreenan,msreenancs@google.ca,Male,188.47.112.95,$51.37M
462,Thorny,Mushet,tmushetct@zimbio.com,Male,149.226.213.44,$8.33B
463,Waylon,Ivashintsov,wivashintsovcu@nasa.gov,Male,230.217.149.157,$8.14B
464,Livia,Soro,lsorocv@github.io,Female,73.90.98.204,$265.68M
465,Jacinthe,Dyhouse,jdyhousecw@tiny.cc,Female,189.205.42.119,$26.5B
466,Laurens,Whicher,lwhichercx@privacy.gov.au,Male,183.30.239.232,$205.6M
467,Pegeen,Boome,pboomecy@deliciousdays.com,Female,75.180.94.96,$6.08M
468,Rikki,Pettegree,rpettegreecz@independent.co.uk,Female,39.147.144.175,$332.73M
469,Casey,Stiven,cstivend0@unblog.fr,Female,185.109.5.22,$170.21M
470,Peter,Baggarley,mbaggarleyd1@drupal.org,Male,252.105.135.215,n/a
471,Henryetta,Furbank,hfurbankd2@about.com,Female,136.11.151.127,$518.09M
472,Bernard,Hitcham,bhitchamd3@google.com.br,Male,32.124.201.127,$22.79M
473,Petering,Phear,dpheard4@parallels.com,Female,2.21.45.204,$896.08M
474,Norbert,Rawdales,nrawdalesd5@blogtalkradio.com,Male,135.33.235.21,n/a
475,Cinnamon,Kenset,ckensetd6@ed.gov,Female,18.6.245.124,n/a
476,Shelton,O' Quirk,soquirkd7@fda.gov,Male,49.240.251.101,$1.42B
477,Kirbie,Cridlan,kcridland8@ezinearticles.com,Female,92.2.190.159,$1.54B
478,Eddie,Belsey,ebelseyd9@mozilla.org,Male,102.127.63.216,$231.87M
479,Peter,Duffree,hduffreeda@freewebs.com,Female,21.35.159.253,$20.34B
480,Vikky,Aries,variesdb@webeden.co.uk,Female,127.191.14.250,$122.51M
481,Emelina,Cleveley,ecleveleydc@godaddy.com,Female,39.168.28.75,$10.59B
482,Nicolle,Huelin,nhuelindd@yolasite.com,Female,157.169.121.99,n/a
483,Ole,Cranna,ocrannade@jimdo.com,Male,84.87.86.151,$13.15M
484,Eda,Crain,ecraindf@opensource.org,Female,168.51.255.208,$2.95B
485,Julee,Odde,joddedg@hp.com,Female,251.186.238.142,$1.04B
486,Phaedra,Toffolini,ptoffolinidh@ibm.com,Female,93.225.88.6,$23.33B
487,Hieronymus,Duffus,hduffusdi@cisco.com,Male,237.2.64.52,$8M
488,Rog,Lunn,rlunndj@mapquest.com,Male,106.230.147.221,$3.4B
489,Gonzales,Abbets,gabbetsdk@hud.gov,Male,27.152.62.220,n/a
490,Anneliese,Fairpo,afairpodl@state.tx.us,Female,64.222.216.7,$16.61M
491,Rab,McConnal,rmcconnaldm@prnewswire.com,Male,255.220.194.225,$737.59M
492,Munroe,Nesterov,mnesterovdn@sun.com,Male,178.110.88.234,$17.52B
493,Corny,Fanthome,cfanthomedo@msn.com,Male,13.225.237.219,$393.18M
494,Abbott,Gobel,agobeldp@xinhuanet.com,Male,1.88.106.31,$415.27M
495,Hilly,Jaquemar,hjaquemardq@dion.ne.jp,Male,210.120.223.55,n/a
496,Godfree,Doelle,gdoelledr@nifty.com,Male,53.25.30.68,$95.78M
497,Launce,Ladbury,lladburyds@accuweather.com,Male,204.61.109.13,$3.6B
498,Gwendolen,Bartul,gbartuldt@indiegogo.com,Female,85.49.162.108,$21.39B
499,Harper,Noddle,hnoddledu@twitter.com,Male,254.54.59.118,$123.38M
500,Ludovico,Oldaker,loldakerdv@t-online.de,Male,147.45.46.137,n/a
501,Christalle,Cockran,ccockrandw@lycos.com,Female,148.84.126.29,n/a
502,Lewie,Kellington,lkellingtondx@ifeng.com,Male,138.165.149.129,$84.31M
503,Micah,Lawrenson,mlawrensondy@washington.edu,Male,10.115.239.3,$1.35B
504,Tillie,Janczyk,tjanczykdz@barnesandnoble.com,Female,87.30.33.115,$93.34M
505,Jaime,Duddin,jduddine0@kickstarter.com,Male,181.250.227.176,$12.59B
506,Emanuele,Wilbraham,ewilbrahame1@youtu.be,Male,113.54.170.49,$629.83M
507,Fina,Schwerin,fschwerine2@shop-pro.jp,Female,250.214.72.81,n/a
508,Ajay,Tunmore,atunmoree3@hugedomains.com,Female,215.8.252.71,$617.06M
509,Alair,Cotman,acotmane4@oaic.gov.au,Male,11.105.113.93,n/a
510,Obie,Golder,ogoldere5@illinois.edu,Male,50.249.92.123,$2.73B
511,Clayton,Scrivner,cscrivnere6@latimes.com,Male,67.117.218.79,$492.78M
512,Bettye,Bizley,bbizleye7@google.com.br,Female,87.255.162.155,$262.86M
513,Peterus,John,lcourtese8@yellowpages.com,Female,21.63.163.203,$113.85M
514,Irma,Palia,ipaliae9@ox.ac.uk,Female,115.111.186.249,$10.5B
515,Dale,Sim,dsimea@netlog.com,Male,230.109.10.226,$961.71M
516,Petronella,Sherrin,psherrineb@tumblr.com,Female,15.51.254.140,$99.4M
517,Claudie,Ronan,cronanec@cpanel.net,Female,96.78.74.39,$352.71M
518,Carlynn,Linsay,clinsayed@google.it,Female,132.100.158.50,$710.31M
519,Jarid,Hearns,jhearnsee@fc2.com,Male,136.44.192.114,$37.14B
520,Grannie,Raittie,graittieef@mlb.com,Male,102.176.224.28,$32.9B
521,Chad,McGettigan,cmcgettiganeg@buzzfeed.com,Male,224.76.79.35,$12.16M
522,Kathie,Petruskevich,kpetruskevicheh@vinaora.com,Female,139.180.235.161,n/a
523,Reynard,Hukins,rhukinsei@psu.edu,Male,46.128.232.170,$854.72M
524,Averyl,Crissil,acrissilej@bigcartel.com,Female,255.105.197.174,$14.34B
525,Gates,Ellph,gellphek@webs.com,Female,33.92.213.5,$10.9B
526,Leelah,Augur,laugurel@4shared.com,Female,30.30.18.98,$234.92M
527,Sammy,Stitch,sstitchem@chron.com,Female,142.48.25.217,$99.51M
528,Bronson,Adolthine,badolthineen@sogou.com,Male,5.139.230.247,n/a
529,Panchito,Dunmuir,pdunmuireo@mozilla.org,Male,57.143.9.0,$26.61M
530,Carolan,Beadnell,cbeadnellep@auda.org.au,Female,145.5.5.48,$21.7B
531,Salomi,Greenin,sgreenineq@homestead.com,Female,97.103.212.162,$97.01M
532,Roz,Mapplebeck,rmapplebecker@hibu.com,Female,193.86.135.123,n/a
533,Anica,Clemmitt,aclemmittes@imdb.com,Female,135.184.159.64,$56.08M
534,Howard,Bruggeman,hbruggemanet@columbia.edu,Male,213.191.144.212,$7.93B
535,Brodie,Bradbrook,bbradbrookeu@wired.com,Male,116.154.203.16,$3.51B
536,Naoma,Kingsbury,nkingsburyev@photobucket.com,Female,138.148.1.156,$40.95M
537,Noelyn,Bawme,nbawmeew@youtube.com,Female,228.251.135.155,$185.39M
538,Abner,Buddleigh,abuddleighex@shutterfly.com,Male,243.136.169.9,$1.97B
539,Kaitlyn,Rubbert,krubbertey@linkedin.com,Female,235.67.85.8,$233.17B
540,Bengt,Treagus,btreagusez@pen.io,Male,207.85.88.103,$108.91M
541,Alfy,Lefeaver,alefeaverf0@cbc.ca,Male,28.217.6.255,$24.7M
542,Jeromy,Mylchreest,jmylchreestf1@youtube.com,Male,149.77.44.173,$6.3B
543,Margie,Enos,menosf2@skyrock.com,Female,41.98.61.138,$14.16B
544,Spencer,De Ath,sdeathf3@utexas.edu,Male,202.84.254.106,n/a
545,Bearnard,Gardner,bgardnerf4@photobucket.com,Male,21.67.75.175,$4.83B
546,Catlin,O'Gorman,cogormanf5@mediafire.com,Female,178.239.194.185,$2.51B
547,Phyllida,Nowill,pnowillf6@adobe.com,Female,233.136.237.59,$1.38B
548,Krispin,Demonge,kdemongef7@newyorker.com,Male,227.144.92.36,$2.97B
549,Charmain,Bracken,cbrackenf8@tumblr.com,Female,197.75.137.130,n/a
550,Grantley,Bosence,gbosencef9@fda.gov,Male,213.145.97.169,$3.95B
551,Junie,Caustic,jcausticfa@booking.com,Female,243.1.101.39,n/a
552,West,Hebborn,whebbornfb@hostgator.com,Male,197.2.41.17,$554.47M
553,Jeramey,Connichie,jconnichiefc@hc360.com,Male,254.194.163.121,$519.54M
554,Faustina,Stocken,fstockenfd@com.com,Female,157.145.250.207,$93.93M
555,Roberto,Simecek,rsimecekfe@indiegogo.com,Male,50.102.107.198,n/a
556,Anton,Keble,akebleff@uiuc.edu,Male,244.220.92.251,$69.38M
557,Ugo,Bernardoux,ubernardouxfg@list-manage.com,Male,35.98.88.241,$4.79M
558,Cello,Sporner,cspornerfh@jigsy.com,Male,33.164.68.175,$51.13M
559,Isaak,Turbat,iturbatfi@bandcamp.com,Male,206.118.101.197,$33.49M
560,Kermit,Kerfod,kkerfodfj@nature.com,Male,70.126.250.252,n/a
561,Abbey,Feldbrin,afeldbrinfk@bravesites.com,Female,62.51.222.186,$620.13M
562,Jillane,Abramcik,jabramcikfl@plala.or.jp,Female,103.157.144.43,n/a
563,Anthiathia,Southcomb,asouthcombfm@1688.com,Female,213.232.199.139,$5.6B
564,Keen,Coudray,kcoudrayfn@howstuffworks.com,Male,98.165.227.183,$861.13M
565,Forest,Renac,frenacfo@eventbrite.com,Male,220.56.209.43,n/a
566,Ethelin,Spoole,espoolefp@cnet.com,Female,236.73.42.158,n/a
567,Curcio,Krystek,ckrystekfq@yellowbook.com,Male,133.107.103.188,$5.5B
568,Anastasia,Dorran,adorranfr@hhs.gov,Female,14.94.165.224,$362.41M
569,Yardley,Snowsill,ysnowsillfs@vk.com,Male,17.110.144.253,n/a
570,Vivyan,Hugonneau,vhugonneauft@networksolutions.com,Female,16.74.168.111,$587.52M
571,Kip,Maher,kmaherfu@slideshare.net,Male,55.49.32.58,$670.27M
572,Erhart,Land,elandfv@time.com,Male,13.137.115.106,$445.12M
573,Ezra,Batty,ebattyfw@zdnet.com,Male,141.218.137.140,$8.39B
574,Donnie,Brosh,dbroshfx@tamu.edu,Male,244.95.41.107,$110.17M
575,Mala,Duncklee,mdunckleefy@tinypic.com,Female,77.105.75.161,$3.26B
576,Jamie,Farraway,jfarrawayfz@buzzfeed.com,Male,98.0.75.11,n/a
577,Cody,Durrand,cdurrandg0@woothemes.com,Female,194.148.44.126,$25.39M
578,Christiana,Tregust,ctregustg1@buzzfeed.com,Female,6.133.121.121,$761.63M
579,Delmor,Simione,dsimioneg2@cnn.com,Male,161.70.29.136,$446.72M
580,Nathalie,Pilipets,npilipetsg3@bing.com,Female,117.232.177.145,$2.24B
581,Darn,Stolle,dstolleg4@salon.com,Male,67.177.2.86,$1.9B
582,Butch,D'Elia,bdeliag5@foxnews.com,Male,3.74.192.3,$53.4B
583,Sheri,Loyley,sloyleyg6@ed.gov,Female,208.38.82.150,$184.04M
584,Emmalynn,Murt,emurtg7@issuu.com,Female,111.164.127.169,$2.64B
585,Mord,Allcoat,mallcoatg8@homestead.com,Male,130.108.17.81,$666.52M
586,Boycey,Downse,bdownseg9@posterous.com,Male,102.184.86.33,n/a
587,Ramona,Ghirardi,rghirardiga@virginia.edu,Female,94.216.38.163,$35.5M
588,Matthiew,Mannion,mmanniongb@thetimes.co.uk,Male,76.167.134.15,$1B
589,Cinda,Lauritsen,clauritsengc@infoseek.co.jp,Female,49.65.0.72,n/a
590,Eddie,Konig,ekoniggd@imageshack.us,Male,209.41.117.252,$39.11B
591,Fabiano,Gyenes,fgyenesge@dmoz.org,Male,53.141.173.246,$661.16M
592,Meier,Jozefiak,mjozefiakgf@sogou.com,Male,190.92.67.92,$1.97B
593,Debbie,Maltster,dmaltstergg@noaa.gov,Female,142.119.46.71,$786.07M
594,Haily,Ranklin,hranklingh@uiuc.edu,Male,58.229.123.209,$1.9B
595,Loretta,Kilbey,lkilbeygi@dropbox.com,Female,95.232.16.152,$517.09M
596,Sinclair,Biskup,sbiskupgj@unblog.fr,Male,218.120.251.112,$6.36B
597,Rich,Fenne,rfennegk@yahoo.co.jp,Male,151.178.247.14,$1.02B
598,Lyssa,Gallally,lgallallygl@studiopress.com,Female,154.46.139.75,$11.51B
599,Edwina,Readett,ereadettgm@bigcartel.com,Female,182.208.39.76,$25.92M
600,Ariel,Marchiso,amarchisogn@cdbaby.com,Male,133.184.146.158,$1.78B
601,Rodolph,Waryk,rwarykgo@feedburner.com,Male,151.100.89.23,$277.12M
602,Constantin,Dimmack,cdimmackgp@discuz.net,Male,97.66.131.133,$6.15B
603,Vassili,Hamlen,vhamlengq@odnoklassniki.ru,Male,51.58.173.250,$4.61B
604,Virgie,Matieu,vmatieugr@nhs.uk,Female,216.229.18.118,n/a
605,Isador,Chilcott,ichilcottgs@redcross.org,Male,78.215.165.16,$2.76B
606,Phil,Voelker,pvoelkergt@dailymail.co.uk,Female,46.167.188.97,$198.16M
607,Stu,Biasini,sbiasinigu@washington.edu,Male,218.46.120.10,$2.06B
608,Emmett,Myrick,emyrickgv@loc.gov,Male,151.20.191.185,$1.5B
609,Stacia,MacAskie,smacaskiegw@virginia.edu,Female,223.108.221.235,n/a
610,Margarete,Rizzo,mrizzogx@ehow.com,Female,117.56.140.226,n/a
611,Brian,Bertouloume,bbertouloumegy@google.com.au,Male,103.47.130.133,n/a
612,Cyrillus,Millichip,cmillichipgz@nasa.gov,Male,106.99.248.248,$5.07B
613,Marge,Eakle,meakleh0@shareasale.com,Female,0.163.138.40,n/a
614,Haley,Collete,hcolleteh1@barnesandnoble.com,Male,141.145.232.137,n/a
615,Liam,Haggie,lhaggieh2@jimdo.com,Male,1.118.14.30,$1.38B
616,Holt,Arrandale,harrandaleh3@mtv.com,Male,190.86.60.163,$42.26M
617,Emelita,Ickowics,eickowicsh4@miitbeian.gov.cn,Female,182.121.40.40,$165.3M
618,Alfie,Lodewick,alodewickh5@squidoo.com,Male,163.203.135.153,$4.61B
619,Whitby,Puve,wpuveh6@microsoft.com,Male,236.89.151.198,$121.11M
620,Rhea,Strathdee,rstrathdeeh7@edublogs.org,Female,144.219.151.27,$182.87M
621,Liam,Jancar,ljancarh8@rambler.ru,Male,19.152.33.88,n/a
622,Allyn,Anfossi,aanfossih9@hostgator.com,Female,25.76.33.138,$4.82B
623,Dario,Witch,dwitchha@npr.org,Male,225.18.111.254,$32.45M
624,De,Colcutt,dcolcutthb@shutterfly.com,Female,153.245.103.172,$324.65M
625,Valida,Bremmell,vbremmellhc@weebly.com,Female,153.112.109.51,$503.27M
626,Ariadne,Bole,abolehd@china.com.cn,Female,161.113.130.8,$231.47M
627,Luce,Vennard,lvennardhe@aboutads.info,Female,54.8.50.33,$1.59B
628,Charmine,Prigg,cprigghf@goo.ne.jp,Female,155.61.87.119,$59.42B
629,Wiatt,Palmby,wpalmbyhg@gnu.org,Male,32.237.70.77,$920.44M
630,Loria,McManus,lmcmanushh@hibu.com,Female,199.140.231.55,$793.18M
631,Merrilee,Cady,mcadyhi@cnn.com,Female,194.30.246.160,n/a
632,Kalie,Cuerdall,kcuerdallhj@squidoo.com,Female,47.20.82.235,$979.51M
633,Jonas,Simacek,jsimacekhk@google.com.br,Male,215.24.241.148,$76.54M
634,Fons,Raeside,fraesidehl@sourceforge.net,Male,140.194.156.23,$108.87B
635,Vin,Coode,vcoodehm@cnet.com,Male,219.55.17.184,$4.19B
636,Orson,Ruddock,oruddockhn@dmoz.org,Male,231.109.174.18,$22.07B
637,Fallon,Isles,fislesho@si.edu,Female,194.40.177.172,$87.88M
638,Rip,Cowerd,rcowerdhp@cpanel.net,Male,108.155.170.9,n/a
639,Maura,Blowes,mbloweshq@1und1.de,Female,94.214.239.47,$16B
640,Tully,Clearie,tcleariehr@taobao.com,Male,230.59.201.230,$137.93M
641,Tobye,Cogman,tcogmanhs@msu.edu,Female,253.203.66.130,$10.85B
642,Augustin,Giacomelli,agiacomelliht@abc.net.au,Male,15.132.203.60,n/a
643,Suzy,Gosson,sgossonhu@msu.edu,Female,152.126.17.136,n/a
644,Currie,Lesslie,clessliehv@ibm.com,Male,131.37.226.3,$829.14M
645,Alistair,Stanyan,astanyanhw@wikimedia.org,Male,49.22.235.184,n/a
646,Georas,Leadbeater,gleadbeaterhx@joomla.org,Male,174.98.81.215,$157.67M
647,Claudius,Ivakhin,civakhinhy@smh.com.au,Male,133.145.204.59,$2.96B
648,Alejandra,Polgreen,apolgreenhz@amazon.co.jp,Female,63.122.25.253,$29.11M
649,Wendel,Hussell,whusselli0@blogs.com,Male,69.177.246.71,$7.3B
650,Sydelle,De L'Isle,sdelislei1@wix.com,Female,125.140.252.222,$609.5M
651,Barbabas,Sweatland,bsweatlandi2@columbia.edu,Male,111.17.140.95,$86.69M
652,Andeee,Parrish,aparrishi3@columbia.edu,Female,141.119.43.149,n/a
653,Amye,Tourmell,atourmelli4@thetimes.co.uk,Female,108.44.134.203,$1.51B
654,Avery,Waddilove,awaddilovei5@ftc.gov,Male,121.23.217.37,$229.33M
655,Denice,Brimicombe,dbrimicombei6@time.com,Female,102.153.41.112,$9.35B
656,Zora,Espinay,zespinayi7@ted.com,Female,230.15.196.98,$320.35M
657,Benito,Pannaman,bpannamani8@shop-pro.jp,Male,84.187.153.127,$7.77B
658,Timothee,Danev,tdanevi9@princeton.edu,Male,4.249.7.203,$174.94M
659,Kristian,Ney,kneyia@usgs.gov,Male,142.10.134.143,$1.63B
660,Braden,Alpin,balpinib@cdbaby.com,Male,185.111.210.109,$756.67M
661,Merrick,Lehon,mlehonic@technorati.com,Male,209.134.159.200,$45.78M
662,Aileen,Paul,apaulid@mtv.com,Female,136.196.68.49,$268.64M
663,Ron,Penhaligon,rpenhaligonie@imgur.com,Male,59.204.165.109,$2.4B
664,Tory,Erridge,terridgeif@cdc.gov,Female,139.177.68.169,$5.28B
665,Adlai,Oxbury,aoxburyig@deviantart.com,Male,176.62.149.140,$15.82M
666,Aleda,Tomblin,atomblinih@networksolutions.com,Female,43.80.44.103,$1.49B
667,Ray,Gulley,rgulleyii@sakura.ne.jp,Female,55.160.81.153,$847.88M
668,Eberhard,Cadell,ecadellij@nature.com,Male,3.108.44.182,$11.05B
669,Hastie,Conn,hconnik@constantcontact.com,Male,102.68.198.67,n/a
670,Rurik,McIlwraith,rmcilwraithil@flavors.me,Male,228.148.22.161,$715.46M
671,Gwennie,Ockland,gocklandim@163.com,Female,37.56.232.248,$128.56M
672,Luis,Sloley,lsloleyin@xinhuanet.com,Male,97.55.114.134,$37.85M
673,Toddy,Ternent,tternentio@linkedin.com,Male,99.10.27.12,$93.96M
674,Dov,Guidetti,dguidettiip@mapquest.com,Male,144.161.72.54,$4.76M
675,Kath,Adrian,kadrianiq@nps.gov,Female,30.152.84.218,$1.12B
676,Joannes,Sheard,jsheardir@globo.com,Female,29.59.23.174,$504.86M
677,Valdemar,Janc,vjancis@wp.com,Male,9.254.133.170,$15.26B
678,Clarke,Gratrix,cgratrixit@wikia.com,Male,134.220.51.45,n/a
679,Bobina,Bayliss,bbaylissiu@chicagotribune.com,Female,252.166.105.62,$896.08M
680,Emmye,De la Harpe,edelaharpeiv@rediff.com,Female,117.106.202.198,$664.71M
681,Eilis,O'Donnell,eodonnelliw@artisteer.com,Female,185.94.191.43,$17.94B
682,Boote,Punshon,bpunshonix@hostgator.com,Male,216.188.42.85,$162.19M
683,Merola,Demoge,mdemogeiy@miitbeian.gov.cn,Female,172.164.27.21,n/a
684,Jarid,Minchell,jminchelliz@xinhuanet.com,Male,109.72.6.54,$81.19M
685,Nil,Summerson,nsummersonj0@jugem.jp,Male,109.5.97.120,$372.55M
686,Pooh,Couves,pcouvesj1@about.com,Male,106.33.13.157,n/a
687,Lucie,Pindar,lpindarj2@themeforest.net,Female,149.151.150.218,$3.72B
688,Livy,Tollett,ltollettj3@cargocollective.com,Female,55.205.26.213,n/a
689,Cissiee,Dobie,cdobiej4@meetup.com,Female,97.246.143.175,$2.89B
690,Forbes,Schulkins,fschulkinsj5@amazon.de,Male,113.82.166.63,$230.24M
691,Saundra,Scamerdine,sscamerdinej6@wiley.com,Female,107.46.211.200,$5.41M
692,Lynsey,Kloser,lkloserj7@qq.com,Female,187.208.81.219,$257.12M
693,Kimbra,Thomasson,kthomassonj8@wsj.com,Female,75.59.96.187,n/a
694,Ozzie,De la Barre,odelabarrej9@dmoz.org,Male,102.211.31.192,n/a
695,Hannah,Lyddiatt,hlyddiattja@chronoengine.com,Female,57.165.24.210,$75.46M
696,Zachery,Cinnamond,zcinnamondjb@columbia.edu,Male,238.168.219.218,n/a
697,Ev,Byrde,ebyrdejc@dyndns.org,Male,75.182.10.251,$4.5B
698,Rogerio,Spalding,rspaldingjd@pbs.org,Male,244.19.177.200,$414.14M
699,Arvie,Maden,amadenje@typepad.com,Male,233.104.156.87,$2.88B
700,Torr,Stebbings,tstebbingsjf@myspace.com,Male,224.250.63.2,n/a
701,Artemas,Hagston,ahagstonjg@hostgator.com,Male,56.177.78.24,$33.43M
702,Joelie,Carlow,jcarlowjh@ed.gov,Female,44.68.51.123,n/a
703,Maurie,Croft,mcroftji@ifeng.com,Male,131.19.82.128,$1.61B
704,Marshal,Tilston,mtilstonjj@amazon.co.jp,Male,38.128.14.68,$3.72B
705,Eric,Genny,egennyjk@opensource.org,Male,234.91.55.76,n/a
706,Chas,Wolfenden,cwolfendenjl@barnesandnoble.com,Male,111.177.90.222,$3.9B
707,Frieda,Jillions,fjillionsjm@google.nl,Female,160.6.203.219,$56.44M
708,Emmye,Stidworthy,estidworthyjn@cafepress.com,Female,202.173.231.76,$975.72M
709,Itch,Radley,iradleyjo@ycombinator.com,Male,79.38.145.204,$6.03B
710,Patten,Wilcock,pwilcockjp@netlog.com,Male,254.178.80.223,$4.39B
711,Shelden,Diament,sdiamentjq@smugmug.com,Male,221.141.72.121,$294.93M
712,Evered,Kornousek,ekornousekjr@geocities.com,Male,160.202.247.27,$46.6B
713,Archy,Braisby,abraisbyjs@surveymonkey.com,Male,147.6.151.197,$45.01M
714,Jeremiah,Stonard,jstonardjt@dion.ne.jp,Male,100.74.153.192,$3.92B
715,Mufi,Philip,mphilipju@rediff.com,Female,43.139.6.236,$1.92B
716,Locke,Kean,lkeanjv@phoca.cz,Male,100.216.144.200,$5.63B
717,Maribel,Percifull,mpercifulljw@spiegel.de,Female,211.67.15.169,$431.87M
718,Alayne,Frediani,afredianijx@nydailynews.com,Female,95.255.189.193,$8.61M
719,Beverly,Ruggs,bruggsjy@dailymail.co.uk,Female,7.70.14.155,n/a
720,Manya,Agates,magatesjz@myspace.com,Female,254.22.241.79,$7.13B
721,Chloe,Osband,cosbandk0@webeden.co.uk,Female,115.26.65.86,$14.95M
722,Domenico,Terrans,dterransk1@apple.com,Male,3.91.159.29,$208.93M
723,Symon,Aylott,saylottk2@godaddy.com,Male,76.248.12.217,$301.17M
724,Carmella,Pappi,cpappik3@cbslocal.com,Female,231.104.56.28,$2.3B
725,Edouard,Goff,egoffk4@bluehost.com,Male,208.194.73.38,n/a
726,Ninon,Tchir,ntchirk5@reddit.com,Female,70.231.7.7,$27.34M
727,Justina,Cutress,jcutressk6@ftc.gov,Female,167.232.68.3,$3.18B
728,Tamra,Rankcom,trankcomk7@ow.ly,Female,82.166.175.115,$398.74M
729,Addison,Clarabut,aclarabutk8@1und1.de,Male,87.83.105.174,n/a
730,Maible,Grevile,mgrevilek9@prweb.com,Female,111.174.108.116,$238.33M
731,Stephani,Filintsev,sfilintsevka@dropbox.com,Female,229.197.94.57,n/a
732,Ignazio,Santus,isantuskb@tamu.edu,Male,162.105.244.140,$124.4M
733,Collette,Deroche,cderochekc@squidoo.com,Female,191.253.46.170,$31.83M
734,Dilan,Pestell,dpestellkd@usa.gov,Male,96.21.88.16,$1.01B
735,Joaquin,Velti,jveltike@networkadvertising.org,Male,246.69.126.224,n/a
736,Shaylah,Yoslowitz,syoslowitzkf@tiny.cc,Female,154.10.106.92,$49M
737,Adelice,Teasey,ateaseykg@tamu.edu,Female,247.170.222.141,n/a
738,Craig,Lefwich,clefwichkh@jalbum.net,Male,231.156.151.161,$225.47M
739,Rudie,Trembath,rtrembathki@sciencedirect.com,Male,50.206.233.134,$774.33M
740,Virgilio,Woodwind,vwoodwindkj@rambler.ru,Male,21.107.175.117,$10.95B
741,Gabbie,Littlewood,glittlewoodkk@hostgator.com,Female,51.187.132.239,$4.19B
742,Lanie,Buesnel,lbuesnelkl@delicious.com,Male,21.80.35.36,$2.38B
743,Etty,Duplain,eduplainkm@about.com,Female,106.89.6.170,$99.43M
744,Luca,Vase,lvasekn@npr.org,Male,41.104.22.100,$877.03M
745,Odelle,Lightwing,olightwingko@spotify.com,Female,80.164.255.52,$120.19M
746,Carmelita,Volker,cvolkerkp@php.net,Female,134.166.28.110,$210.02M
747,Hillyer,Kenner,hkennerkq@pinterest.com,Male,66.131.49.99,$1.54B
748,Leonie,Pratchett,lpratchettkr@amazonaws.com,Female,57.224.252.180,$5.53B
749,Rancell,Rollinshaw,rrollinshawks@harvard.edu,Male,43.68.32.237,$1.97B
750,Ramona,Isacq,risacqkt@ameblo.jp,Female,87.71.250.237,$15.62B
751,Martha,Gheeraert,mgheeraertku@baidu.com,Female,114.225.118.245,$287.76M
752,Cynthia,Cobbald,ccobbaldkv@harvard.edu,Female,88.182.89.73,$219.09M
753,Mahala,Paul,mpaulkw@dyndns.org,Female,182.3.147.193,$2.71B
754,Alistair,Buche,abuchekx@360.cn,Male,56.211.177.30,n/a
755,Perrine,Plaistowe,pplaistoweky@nih.gov,Unknown,66.134.86.63,$6.16B
756,Ricky,Belfrage,rbelfragekz@purevolume.com,Male,166.23.167.177,$3.49M
757,Anna-diana,Vanne,avannel0@narod.ru,Female,151.113.115.193,$51.25B
758,Miltie,Sulland,msullandl1@foxnews.com,Male,108.150.15.172,n/a
759,Samantha,McPherson,smcphersonl2@npr.org,Female,59.81.52.33,n/a
760,Ephrem,Balam,ebalaml3@icq.com,Male,224.17.167.84,$6.11M
761,Iain,Hattoe,ihattoel4@comcast.net,Male,232.109.181.173,n/a
762,Phoebe,Cake,pcakel5@who.int,Female,131.130.32.214,$235.72M
763,Ernaline,Dyke,edykel6@flavors.me,Female,130.162.164.67,n/a
764,Andie,Skakunas,askakunasl7@scientificamerican.com,Male,207.45.142.234,n/a
765,Agnella,Watling,awatlingl8@umich.edu,Female,73.48.63.231,$7.19B
766,Clyde,Gartside,cgartsidel9@domainmarket.com,Male,157.67.39.98,$11.09B
767,Roger,Grigorey,rgrigoreyla@archive.org,Male,13.108.3.160,$2.1B
768,Phillip,Stallen,pstallenlb@cargocollective.com,Male,127.147.192.31,$509.16M
769,Tom,Mc Kellen,tmckellenlc@themeforest.net,Male,56.202.200.78,$405.53M
770,Conny,Seath,cseathld@loc.gov,Male,239.35.157.144,$69.38M
771,Ignacius,Pawellek,ipawellekle@rakuten.co.jp,Male,18.168.136.55,$517.81M
772,Irena,Veldens,iveldenslf@squidoo.com,Female,83.109.212.115,$800.41M
773,Mamie,Uridge,muridgelg@engadget.com,Female,78.205.2.45,$185.53B
774,Erinn,Volkers,evolkerslh@baidu.com,Female,38.57.46.221,n/a
775,Emili,Gleave,egleaveli@desdev.cn,Female,236.188.246.188,$43.94M
776,Kip,O'Crotty,kocrottylj@zdnet.com,Female,95.129.138.159,$22.17M
777,Aurelie,Patience,apatiencelk@fotki.com,Female,139.150.216.165,$45.43M
778,Carmine,Westnedge,cwestnedgell@so-net.ne.jp,Male,104.216.14.165,$654.41M
779,Walt,Attenbarrow,wattenbarrowlm@telegraph.co.uk,Male,246.212.6.46,$885.83M
780,Jermayne,Fullstone,jfullstoneln@slate.com,Male,15.155.115.192,$2.45B
781,Evan,Pollastro,epollastrolo@posterous.com,Male,118.212.108.103,n/a
782,Brien,Avramchik,bavramchiklp@tiny.cc,Male,21.230.47.176,$226.66M
783,Taddeusz,Yaxley,tyaxleylq@microsoft.com,Male,187.169.73.147,$8.4B
784,Carlen,Friatt,cfriattlr@gnu.org,Female,25.255.8.221,$685.28M
785,Mariya,Rao,mraols@fastcompany.com,Female,22.16.225.59,$999.98M
786,Inge,Garrud,igarrudlt@e-recht24.de,Female,215.177.23.135,$9.15B
787,Sophey,Meatcher,smeatcherlu@infoseek.co.jp,Female,108.33.96.184,$1.89B
788,Roxi,Matitiaho,rmatitiaholv@columbia.edu,Female,94.217.213.140,n/a
789,Sibyl,Iacomettii,siacomettiilw@photobucket.com,Male,132.127.107.13,n/a
790,Chase,Kock,ckocklx@cornell.edu,Male,201.42.193.154,$165.72M
791,Dalston,McDuall,dmcduallly@gov.uk,Male,127.241.7.203,n/a
792,Huntley,Fearn,hfearnlz@examiner.com,Male,10.106.86.171,$119.06M
793,Frederigo,Openshaw,fopenshawm0@domainmarket.com,Male,219.77.33.156,$605.25M
794,Erasmus,Fintoph,efintophm1@homestead.com,Male,51.223.95.2,$788.51M
795,Sara,Melladew,smelladewm2@stumbleupon.com,Female,220.195.255.195,$283.98M
796,Kalli,Karran,kkarranm3@comsenz.com,Female,137.82.131.197,n/a
797,Nikolaos,Manilo,nmanilom4@blogs.com,Male,255.140.98.69,$6.22B
798,Skipper,Camden,scamdenm5@google.com.au,Male,6.117.229.253,$771.24M
799,Haze,Volks,hvolksm6@oracle.com,Male,68.255.236.61,$413.36M
800,Cyndie,Andri,candrim7@hatena.ne.jp,Female,198.81.51.166,n/a
801,Eirena,Godsil,egodsilm8@psu.edu,Female,122.99.240.232,$60.09M
802,Esmaria,Micklewright,emicklewrightm9@squarespace.com,Other,206.188.102.74,$345.6M
803,Brear,Crutchfield,bcrutchfieldma@rakuten.co.jp,Female,209.192.162.184,n/a
804,Olenolin,Egle of Germany,oegleofgermanymb@behance.net,Male,195.116.226.108,n/a
805,Valentijn,Rusling,vruslingmc@utexas.edu,Male,151.184.163.206,$52.45B
806,Chuck,Pady,cpadymd@upenn.edu,Male,201.152.80.23,n/a
807,Isak,Leblanc,ileblancme@google.fr,Male,100.27.201.69,$258.27M
808,Ty,Heinreich,theinreichmf@google.pl,Male,96.152.0.80,$5.53B
809,Talbot,Watkins,twatkinsmg@360.cn,Male,161.199.141.15,$1.01B
810,Hanan,Kantor,hkantormh@woothemes.com,Male,116.164.12.8,n/a
811,Husein,Witterick,hwitterickmi@theatlantic.com,Male,249.193.150.133,$887.55M
812,Ford,Treversh,ftrevershmj@scribd.com,Male,229.17.0.2,$75.19B
813,Luther,McKenna,lmckennamk@addtoany.com,Male,47.196.175.92,$20.42B
814,Von,Neligan,vneliganml@booking.com,Male,225.251.58.238,$16.68B
815,Oliy,Maltster,omaltstermm@ucsd.edu,Female,143.245.203.214,$9.99M
816,Blayne,Braybrook,bbraybrookmn@tripadvisor.com,Male,178.106.246.248,$15.33M
817,Tam,Toulson,ttoulsonmo@statcounter.com,Male,193.27.71.18,$1.68B
818,Isador,Burridge,iburridgemp@netvibes.com,Male,195.82.207.136,$37.26M
819,Kally,Tarney,ktarneymq@theguardian.com,Female,212.158.134.13,$6.65M
820,Brion,Maulden,bmauldenmr@chicagotribune.com,Male,14.94.213.198,$4.61B
821,Marianna,Hourston,mhourstonms@privacy.gov.au,Female,112.197.51.39,$332.73M
822,Barnabas,Blankman,bblankmanmt@dagondesign.com,Male,209.226.219.162,$4.19B
823,Georgina,Shackle,gshacklemu@xinhuanet.com,Female,110.234.77.30,$34.76B
824,Natala,Thistleton,nthistletonmv@reuters.com,Female,99.163.31.191,$468.65M
825,Jackelyn,Harlett,jharlettmw@surveymonkey.com,Female,182.171.59.48,n/a
826,Dotti,Roobottom,droobottommx@senate.gov,Female,14.3.219.95,$19.89B
827,Rebeca,Whisson,rwhissonmy@mediafire.com,Female,24.53.239.74,$4.07B
828,Hinda,Vasilchenko,hvasilchenkomz@microsoft.com,Female,205.143.222.191,n/a
829,Alair,Quaintance,aquaintancen0@economist.com,Male,109.171.202.219,$24.52M
830,Boyd,Van Dijk,bvandijkn1@eepurl.com,Male,1.38.131.212,$29.24M
831,Arvin,Croisdall,acroisdalln2@skyrock.com,Male,119.233.206.76,$219.09M
832,Rickert,Faire,rfairen3@msu.edu,Male,93.115.135.160,n/a
833,Morlee,Fillon,mfillonn4@icq.com,Male,243.87.17.36,$749.12M
834,Ingram,Carslaw,icarslawn5@japanpost.jp,Male,124.74.184.133,$531.92M
835,Anders,Hamshere,ahamsheren6@yellowbook.com,Male,113.54.120.222,$100.04M
836,Trumann,Lere,tleren7@spotify.com,Male,191.125.176.165,$22.86M
837,Perle,Mounch,pmounchn8@apache.org,Female,142.23.88.135,$46.3B
838,Sutherland,Swansbury,sswansburyn9@ezinearticles.com,Male,121.8.211.223,$346.48M
839,Travers,Pulham,tpulhamna@ucoz.ru,Male,97.181.168.94,$446.47M
840,Forrester,Shaxby,fshaxbynb@vimeo.com,Male,213.45.161.246,$7.77B
841,Yehudi,Scrinage,yscrinagenc@discovery.com,Male,102.43.237.219,$43.29B
842,Patton,Disbrow,pdisbrownd@privacy.gov.au,Male,217.115.95.25,$434.22M
843,Tomasina,Aitken,taitkenne@ebay.com,Female,119.68.196.192,$82.77M
844,Gayelord,Meynell,gmeynellnf@nymag.com,Male,201.33.85.7,$225.24M
845,Rochester,Boutcher,rboutcherng@friendfeed.com,Male,109.118.109.39,$5.07B
846,Shannan,de Clerk,sdeclerknh@chron.com,Male,197.213.70.243,$708.43M
847,Rodie,Cunney,rcunneyni@so-net.ne.jp,Female,54.16.16.168,n/a
848,Roi,Soldi,rsoldinj@answers.com,Male,74.109.174.220,$8.47M
849,Laverna,Meddows,lmeddowsnk@i2i.jp,Female,131.136.100.102,$270.26M
850,Grove,Paike,gpaikenl@desdev.cn,Male,75.56.51.39,$4.82B
851,Roseline,Crockley,rcrockleynm@barnesandnoble.com,Female,103.70.136.84,$4.58B
852,Phelia,Pietruschka,ppietruschkann@nature.com,Female,17.189.122.208,$340.42M
853,Delores,Muzzini,dmuzzinino@blogtalkradio.com,Female,11.12.247.49,$149.28B
854,Ashby,Lawlie,alawlienp@vistaprint.com,Male,194.158.42.196,n/a
855,Marcelle,Chatan,mchatannq@woothemes.com,Female,244.64.82.25,$51.8B
856,Dani,Dowzell,ddowzellnr@seesaa.net,Male,175.165.92.54,$1.15B
857,Mal,Paolotto,mpaolottons@indiatimes.com,Male,147.148.101.240,$15.92B
858,Alis,Maskew,amaskewnt@berkeley.edu,Female,112.80.218.34,$678.58M
859,Ibrahim,Thebeau,ithebeaunu@umn.edu,Male,208.46.166.143,$1.77B
860,Guthrie,Brachell,gbrachellnv@mozilla.org,Male,232.91.231.48,$1.38B
861,Delila,Guyonnet,dguyonnetnw@ed.gov,Female,117.38.185.44,$112.21M
862,Guillemette,McGroarty,gmcgroartynx@wix.com,Female,126.85.95.223,$55.6M
863,Uri,Yitshak,uyitshakny@spotify.com,Male,60.53.230.90,n/a
864,Alaster,Penbarthy,apenbarthynz@taobao.com,Male,52.77.9.127,$4.46M
865,Geoff,Greeding,ggreedingo0@dedecms.com,Male,251.18.87.125,$287.94M
866,Chas,Shanahan,cshanahano1@goodreads.com,Male,93.237.56.25,$78.51B
867,Lothaire,Royden,lroydeno2@xrea.com,Male,240.84.189.235,$359.34M
868,Scotti,Sayle,ssayleo3@wordpress.org,Male,68.217.4.220,$46.06M
869,Matteo,Pionter,mpiontero4@businessinsider.com,Male,141.65.20.20,$122.36M
870,Gail,Moyles,gmoyleso5@ucoz.com,Female,140.205.211.129,$741.77B
871,Melvin,Hayton,mhaytono6@scribd.com,Male,17.253.183.160,n/a
872,Jo,Woolf,jwoolfo7@ovh.net,Female,217.74.47.148,$654.14M
873,Rand,Marshalleck,rmarshallecko8@joomla.org,Male,68.214.123.109,$378.29M
874,Reece,Threadkell,rthreadkello9@geocities.com,Male,123.106.254.80,$8.23B
875,Mirabel,Orgel,morgeloa@census.gov,Female,204.208.35.122,$65.74M
876,Nedda,Anker,nankerob@un.org,Female,215.131.35.103,$79.09B
877,Bruno,Normand,bnormandoc@businessweek.com,Male,3.118.27.96,$285.13M
878,Yalonda,Aberdein,yaberdeinod@engadget.com,Female,45.226.209.68,$425.52M
879,Odessa,Tatnell,otatnelloe@sogou.com,Female,229.132.223.224,n/a
880,Augy,Dronsfield,adronsfieldof@admin.ch,Male,243.190.217.18,$552.77M
881,Katharina,Beynke,kbeynkeog@amazon.com,Female,147.29.73.177,$842.99M
882,Nero,Drayn,ndraynoh@globo.com,Male,199.104.172.59,$87.57M
883,Judah,Spain-Gower,jspaingoweroi@slashdot.org,Male,208.150.157.187,$10.83B
884,Elmer,Grahlman,egrahlmanoj@twitter.com,Male,230.163.0.180,$183.57M
885,Marshall,Tingcomb,mtingcombok@opensource.org,Male,186.9.72.76,$2.24B
886,Adriaens,Bartelli,abartelliol@cloudflare.com,Female,214.240.20.166,$780.06M
887,Leonelle,Abrahamsohn,labrahamsohnom@comcast.net,Female,154.19.82.113,$217.64M
888,Willette,Geerits,wgeeritson@smh.com.au,Female,199.107.96.20,$14.16B
889,Ogdon,Grent,ogrentoo@webnode.com,Male,113.124.148.204,n/a
890,Dermot,Crease,dcreaseop@hostgator.com,Male,173.7.196.245,$229.32B
891,Talyah,Newlyn,tnewlynoq@engadget.com,Female,246.219.180.106,$10.69M
892,Merry,Sewley,msewleyor@tinypic.com,Male,229.19.194.112,n/a
893,Noel,Batson,nbatsonos@amazon.com,Male,55.26.172.254,$20.56B
894,Niels,Daniely,ndanielyot@foxnews.com,Male,85.0.252.145,$70.06M
895,Durward,Hardway,dhardwayou@bloomberg.com,Male,27.60.119.71,$231.89M
896,Esma,Woodruff,ewoodruffov@bandcamp.com,Female,97.15.229.110,$1.89B
897,Guendolen,Bougourd,gbougourdow@diigo.com,Female,213.80.136.109,$816.59M
898,Myrwyn,Pardie,mpardieox@google.com,Male,224.78.106.61,$320.21M
899,Rafaellle,Tapper,rtapperoy@hexun.com,Male,140.157.41.45,$112.34M
900,Nana,Pirdue,npirdueoz@dedecms.com,Female,86.153.132.70,n/a
901,Kati,Medlin,kmedlinp0@51.la,Female,89.20.111.118,$109.52M
902,Rayner,Berney,rberneyp1@issuu.com,Male,221.120.156.153,$34.2M
903,Erma,Sharpe,esharpep2@woothemes.com,Female,171.127.165.226,n/a
904,Seward,Gottelier,sgottelierp3@twitpic.com,Male,229.188.47.248,$39.59B
905,Garth,O'Scollee,goscolleep4@sakura.ne.jp,Male,164.33.199.49,$342.25M
906,Marleah,Swainger,mswaingerp5@europa.eu,Female,71.76.241.254,$741.31M
907,Carolin,Dooney,cdooneyp6@ning.com,Female,168.9.238.67,n/a
908,Spense,Niccolls,sniccollsp7@bigcartel.com,Male,176.128.174.236,$1.79B
909,Concettina,Saylor,csaylorp8@cpanel.net,Female,221.109.80.90,$767.4M
910,Lorin,Lympany,llympanyp9@ycombinator.com,Male,251.246.29.34,$267.89M
911,Annis,Birk,abirkpa@pcworld.com,Female,238.174.182.71,$298.59M
912,Brewer,Millsap,bmillsappb@dot.gov,Male,2.217.214.114,$48.54M
913,Bill,Gerrish,bgerrishpc@myspace.com,Male,44.90.46.117,$367.06M
914,Sharron,Erlam,serlampd@cam.ac.uk,Female,129.186.194.11,$252.5M
915,Cordula,Leven,clevenpe@1688.com,Female,186.164.70.51,$51.07M
916,Loren,Binyon,lbinyonpf@dedecms.com,Male,41.245.118.20,$79.09B
917,Ichabod,Sprey,ispreypg@gnu.org,Male,106.202.70.75,n/a
918,Agnella,Rembaud,arembaudph@youtu.be,Female,98.119.123.181,$9.24B
919,Daisie,Tommen,dtommenpi@washington.edu,Female,62.143.243.224,$98.84M
920,Bartholomeo,Sermin,bserminpj@booking.com,Male,93.41.245.140,$1.66B
921,Justen,Jirik,jjirikpk@blogs.com,Male,189.1.37.193,$45.09M
922,Ashli,Twidale,atwidalepl@constantcontact.com,Female,96.0.125.101,n/a
923,Kaylee,Seawell,kseawellpm@unesco.org,Female,26.239.1.69,$10.99M
924,Boony,Cosgriff,bcosgriffpn@salon.com,Male,77.126.43.225,n/a
925,Joelle,Rigardeau,jrigardeaupo@infoseek.co.jp,Female,211.99.122.83,$2.13B
926,Ardyth,Bellingham,abellinghampp@fastcompany.com,Female,129.217.183.196,$1.24B
927,Devin,Aguirrezabala,daguirrezabalapq@techcrunch.com,Female,146.213.68.195,$772.35M
928,Jenelle,Hebron,jhebronpr@technorati.com,Female,112.174.22.203,$177M
929,Bobbee,Janning,bjanningps@dyndns.org,Female,32.100.75.194,n/a
930,Floria,Devo,fdevopt@yale.edu,Female,140.156.97.149,n/a
931,Peterus,Barten,pbartenpu@discovery.com,Male,253.91.70.71,$246.49M
932,Gabie,Tremathack,gtremathackpv@sina.com.cn,Male,115.90.32.15,n/a
933,Bronson,Simmgen,bsimmgenpw@adobe.com,Male,17.69.12.0,$816.59M
934,Ivy,Shade,ishadepx@nymag.com,Female,147.90.12.151,$153.62M
935,Kyrstin,MacGibbon,kmacgibbonpy@goo.gl,Female,68.59.23.101,$30.92M
936,Malcolm,McCutcheon,mmccutcheonpz@baidu.com,Male,119.29.77.231,$1.12B
937,Sheppard,Chrystal,schrystalq0@forbes.com,Male,167.31.207.117,$795.23M
938,Bellina,Reasce,breasceq1@tumblr.com,Female,224.15.129.215,$320.72M
939,Maritsa,Malser,mmalserq2@typepad.com,Female,109.215.140.215,n/a
940,Cortie,Gunby,cgunbyq3@businessweek.com,Male,244.223.24.6,$29.1B
941,Osbert,Preto,opretoq4@whitehouse.gov,Male,129.126.99.145,$15.92B
942,Aubrette,Escritt,aescrittq5@uol.com.br,Female,203.229.253.162,$275.42M
943,Andriette,Nowland,anowlandq6@shutterfly.com,Female,66.39.181.171,$22.76B
944,Rachelle,Cereceres,rcereceresq7@hhs.gov,Female,8.41.129.30,$4.24B
945,Ellerey,Rivers,eriversq8@deviantart.com,Male,187.140.28.199,$126.74M
946,Ignaz,Alkin,ialkinq9@blogspot.com,Male,179.191.101.158,$73.91M
947,Harriott,Cobello,hcobelloqa@flickr.com,Female,5.16.20.39,$15.32B
948,Mariellen,Morilla,mmorillaqb@sina.com.cn,Female,102.49.251.43,n/a
949,Deborah,Topley,dtopleyqc@arizona.edu,Female,109.254.8.173,$5.8B
950,Shelton,Kilpatrick,skilpatrickqd@creativecommons.org,Male,177.165.237.251,$68.47M
951,Jamesy,Fessler,jfesslerqe@vistaprint.com,Male,83.240.7.155,$3.17B
952,Linn,Marson,lmarsonqf@t.co,Male,68.113.41.232,$13.87B
953,Perren,Dinnington,pdinningtonqg@tamu.edu,Male,21.89.25.15,$7.99M
954,Prudi,Allebone,palleboneqh@webmd.com,Female,44.207.193.202,$54.07M
955,Fanchette,Spensly,fspenslyqi@ebay.co.uk,Female,66.142.36.147,$14.27B
956,Josy,Paprotny,jpaprotnyqj@cbsnews.com,Female,84.91.211.126,$2.67B
957,Jehanna,Dwine,jdwineqk@studiopress.com,Female,46.66.214.131,$1.56B
958,Allister,Pothbury,apothburyql@squidoo.com,Male,159.210.66.197,$999.9M
959,Devi,Nealey,dnealeyqm@sun.com,Female,33.51.170.211,$298.39M
960,Milicent,Dehmel,mdehmelqn@skype.com,Female,146.2.9.209,$1.84B
961,Fleur,Ismirnioglou,fismirnioglouqo@vinaora.com,Female,204.80.37.176,$42.01M
962,Emmi,Woodruff,ewoodruffqp@ucla.edu,Female,217.170.219.213,$87.7M
963,Jennee,Banville,jbanvilleqq@gnu.org,Female,97.158.60.87,$631.2M
964,Brynna,Pudden,bpuddenqr@state.gov,Female,38.215.203.106,$3.52B
965,Eddie,O'Flannery,eoflanneryqs@gnu.org,Female,165.52.6.242,$493.06M
966,Kristoforo,Pauel,kpauelqt@sbwire.com,Male,77.54.6.89,n/a
967,Ramon,Spavins,rspavinsqu@clickbank.net,Male,87.223.65.212,n/a
968,Keelby,Harsnep,kharsnepqv@vkontakte.ru,Male,134.238.81.84,$9.99M
969,Harcourt,Murrum,hmurrumqw@csmonitor.com,Male,180.52.179.103,$$99.9M
970,Geneva,Saddleton,gsaddletonqx@army.mil,Female,185.250.29.150,$56.28B
971,Link,Oneile,loneileqy@is.gd,Male,176.98.238.117,$29.19B
972,Bax,Semple,bsempleqz@tmall.com,Male,154.239.69.23,$40.31M
973,Khalil,Patering,kblowingr0@51.la,Male,146.35.1.56,$76.6B
974,Avril,Gurg,agurgr1@twitter.com,Female,96.4.201.244,$28.74M
975,Calla,Gerge,cgerger2@instagram.com,Female,112.121.137.210,$47.58M
976,Ewen,Polglase,epolglaser3@bluehost.com,Male,255.227.129.100,$308.11M
977,Merl,Case,mcaser4@friendfeed.com,Female,19.229.174.45,n/a
978,Gustavus,MacMillan,gmacmillanr5@apple.com,Male,218.218.27.96,$26.78B
979,Adrea,Gorden,agordenr6@free.fr,Female,229.182.102.53,$58.46M
980,Shirley,Lordon,slordonr7@rakuten.co.jp,Female,138.107.109.118,$22.58M
981,Dyann,Scholler,dschollerr8@youtu.be,Female,158.255.193.140,$1.6B
982,Elysha,Pflieger,epfliegerr9@army.mil,Female,170.132.102.190,n/a
983,Ainslie,Danilin,adanilinra@ifeng.com,Female,95.58.203.106,$84.31M
984,Arlen,Bowne,abownerb@youtube.com,Female,248.4.111.167,$279.5M
985,Halley,Thomann,hthomannrc@parallels.com,not male,217.229.202.188,$5.33B
986,Erich,Massot,emassotrd@google.cn,Male,207.45.145.124,$824M
987,Chrystal,Pink,cpinkre@nytimes.com,Female,36.221.157.39,$508.59M
988,Peter,Hague,shaguerf@cnn.com,Female,62.155.230.97,$1.03B
989,Austin,Burdus,aburdusrg@mayoclinic.com,Female,225.195.116.165,$2.62B
990,Nikola,Seawell,nseawellrh@oakley.com,Male,47.236.244.142,$1.25B
991,Tawnya,Yurin,tyurinri@ezinearticles.com,Other,214.94.10.187,$1.69B
992,Tabbie,Christy,tchristyrj@cnet.com,Male,135.139.181.86,$224.53M
993,Humberto,Bennen,hbennenrk@uol.com.br,Male,87.151.207.53,$487.74M
994,Royall,Dies,rdiesrl@noaa.gov,Male,145.163.191.19,$20.68B
995,Stanleigh,Juzek,sjuzekrm@devhub.com,Male,122.44.240.172,$674.56M
996,Giles,Chatwin,gchatwinrn@bbb.org,Male,232.47.247.188,$2.41M
997,Maje,Wivell,mwivellro@so-net.ne.jp,Male,108.222.124.28,$384.84M
998,Fleur,Toothill,ftoothillrp@java.com,Female,29.214.172.17,$8.44B
999,Kendell,Andriuzzi,kandriuzzirq@wisc.edu,Male,50.26.92.156,$5.99M
1000,Osbert,O'Halleghane,oohalleghanerr@cam.ac.uk,Male,127.223.49.10,$27.68B
